"CSETT1.B_1","CSETT1.B_2","CSETT1.B_3","CSETT1.B_4","CSETT1.B_5","CSETT1.B_6","CSETT1.B_7","CSETT1.B_8","CSETT1.B_9","CSE_T","CSETT1.M1_1","CSETT1.M1_2","CSETT1.M1_3","CSETT1.M1_4","CSETT1.M1_5","CSETT1.M1_6","CSETT1.M1_7","CSETT1.M1_8","CSETT1.M1_9","CSETT1.M2_1","CSETT1.M2_2","CSETT1.M2_3","CSETT1.M2_4","CSETT1.M2_5","CSETT1.M2_6","CSETT1.M2_7","CSETT1.M2_8","CSETT1.M2_9","CSETT1.M3_1","CSETT1.M3_2","CSETT1.M3_3","CSETT1.M3_4","CSETT1.M3_5","CSETT1.M3_6","CSETT1.M3_7","CSETT1.M3_8","CSETT1.M3_9","CSETT2.B_1","CSETT2.B_2","CSETT2.B_3","CSETT2.B_4","CSETT2.B_5","CSETT2.B_6","CSETT2.B_7","CSETT2.B_8","CSETT2.B_9","CSETT2.B_1W","CSETT2.B_2W","CSETT2.B_3W","CSETT2.B_4W","CSETT2.B_5W","CSETT2.B_6W","CSETT2.B_7W","CSETT2.B_8W","CSETT2.B_9W","CSETT2.M1_1","CSETT2.M1_2","CSETT2.M1_3","CSETT2.M1_4","CSETT2.M1_5","CSETT2.M1_6","CSETT2.M1_7","CSETT2.M1_8","CSETT2.M1_9","CSETT2.M2_1","CSETT2.M2_2","CSETT2.M2_3","CSETT2.M2_4","CSETT2.M2_5","CSETT2.M2_6","CSETT2.M2_7","CSETT2.M2_8","CSETT2.M2_9","CSETT2.M3_1","CSETT2.M3_2","CSETT2.M3_3","CSETT2.M3_4","CSETT2.M3_5","CSETT2.M3_6","CSETT2.M3_7","CSETT2.M3_8","CSETT2.M3_9","CSETT3.B_1","CSETT3.B_2","CSETT3.B_3","CSETT3.B_4","CSETT3.B_5","CSETT3.B_6","CSETT3.B_7","CSETT3.B_8","CSETT3.B_9","CSETT3.B_1W","CSETT3.B_2W","CSETT3.B_3W","CSETT3.B_4W","CSETT3.B_5W","CSETT3.B_6W","CSETT3.B_7W","CSETT3.B_8W","CSETT3.B_9W","CSETT3.M1_1","CSETT3.M1_2","CSETT3.M1_3","CSETT3.M1_4","CSETT3.M1_5","CSETT3.M1_6","CSETT3.M1_7","CSETT3.M1_8","CSETT3.M1_9","CSETT3.M2_1","CSETT3.M2_2","CSETT3.M2_3","CSETT3.M2_4","CSETT3.M2_5","CSETT3.M2_6","CSETT3.M2_7","CSETT3.M2_8","CSETT3.M2_9","CSETT3.M3_1","CSETT3.M3_2","CSETT3.M3_3","CSETT3.M3_4","CSETT3.M3_5","CSETT3.M3_6","CSETT3.M3_7","CSETT3.M3_8","CSETT3.M3_9","CSETT4_1","CSETT4_2","CSETT4_3","CSETT4_4","CSETT4_5","CSETT4_6","CSETT4_7","CSETT4_8","CSETT4_9","EASEID","condition","mhpc","mhpp1","mhpp2"
2,2,2,2,3,2,5,3,5,"26",NA,NA,NA,NA,NA,NA,NA,NA,NA,NA,NA,NA,NA,NA,NA,NA,NA,NA,NA,NA,NA,NA,NA,NA,NA,NA,NA,NA,NA,NA,NA,NA,NA,NA,NA,NA,5,3,3,1,5,5,6,5,3,NA,NA,NA,NA,NA,NA,NA,NA,NA,NA,NA,NA,NA,NA,NA,NA,NA,NA,NA,NA,NA,NA,NA,NA,NA,NA,NA,NA,NA,NA,NA,NA,NA,NA,NA,NA,3,2,3,1,5,5,6,2,2,NA,NA,NA,NA,NA,NA,NA,NA,NA,NA,NA,NA,NA,NA,NA,NA,NA,NA,NA,NA,NA,NA,NA,NA,NA,NA,NA,3,2,3,3,6,5,6,5,5,"EASE2001",4,0,1,"8 months"
5,4,4,5,4,2,2,3,1,"30",4,4,4,5,5,4,3,3,3,5,3,4,5,5,3,3,4,3,4,3,4,5,5,3,3,4,3,2,2,2,3,3,2,2,3,4,NA,NA,NA,NA,NA,NA,NA,NA,NA,3,2,4,4,4,3,3,2,5,4,3,5,4,4,3,3,4,5,4,3,5,4,4,3,4,4,5,5,3,4,3,4,2,3,4,5,NA,NA,NA,NA,NA,NA,NA,NA,NA,5,3,5,4,4,3,4,4,4,5,4,5,4,4,3,4,4,5,5,3,4,4,5,3,5,4,5,NA,NA,NA,NA,NA,NA,NA,NA,NA,"EASE2002",1,1,1,"over course of 6 years for several different traumas...not related to trauma for this study"
1,7,4,1,1,4,1,1,7,"27",1,7,4,1,1,1,4,4,7,NA,NA,NA,NA,NA,NA,NA,NA,NA,NA,NA,NA,NA,NA,NA,NA,NA,NA,2,6,4,2,1,2,4,3,3,NA,NA,NA,NA,NA,NA,NA,NA,NA,NA,NA,NA,NA,NA,NA,NA,NA,NA,NA,NA,NA,NA,NA,NA,NA,NA,NA,NA,NA,NA,NA,NA,NA,NA,NA,NA,NA,NA,NA,NA,NA,NA,NA,NA,NA,NA,NA,NA,NA,NA,NA,NA,NA,NA,NA,NA,NA,NA,NA,NA,NA,NA,NA,NA,NA,NA,NA,NA,NA,NA,NA,NA,NA,NA,NA,NA,NA,NA,NA,NA,NA,NA,NA,NA,NA,NA,NA,NA,NA,NA,"EASE2003",2,1,0,""
7,7,6,6,7,7,7,6,7,"60",7,7,6,6,7,7,7,6,7,7,7,6,6,7,7,7,6,7,7,7,6,6,7,7,7,6,7,7,7,6,6,7,7,7,6,7,NA,NA,NA,NA,NA,NA,NA,NA,NA,7,7,6,6,7,7,7,6,7,7,7,6,6,7,7,7,6,7,7,7,6,6,7,7,7,6,7,7,7,6,6,7,7,7,6,7,NA,NA,NA,NA,NA,NA,NA,NA,NA,7,7,6,6,7,7,7,6,7,7,7,6,6,7,7,7,7,7,7,7,6,6,7,7,7,6,7,6,7,6,6,7,7,7,6,7,"EASE2004",2,0,1,"4 months ago"
3,5,3,2,1,2,5,3,3,"27",4,4,3,4,1,3,5,3,3,4,4,3,4,1,3,6,4,5,4,5,5,5,3,5,6,6,7,5,3,4,3,2,3,6,2,4,NA,NA,NA,NA,NA,NA,NA,NA,NA,5,5,4,5,2,3,6,5,6,5,5,5,5,2,5,6,5,5,4,5,5,5,2,5,6,5,7,5,5,6,5,3,5,6,6,6,NA,NA,NA,NA,NA,NA,NA,NA,NA,5,6,6,5,2,6,7,6,6,6,6,6,5,2,5,7,6,5,5,6,6,5,2,6,7,6,6,6,6,6,7,4,7,7,7,7,"EASE2005",3,0,1,"Beginning of 2018"
3,2,2,2,1,3,5,2,3,"23",NA,NA,NA,NA,NA,NA,NA,NA,NA,NA,NA,NA,NA,NA,NA,NA,NA,NA,NA,NA,NA,NA,NA,NA,NA,NA,NA,NA,NA,NA,NA,NA,NA,NA,NA,NA,5,5,4,4,5,4,4,4,4,NA,NA,NA,NA,NA,NA,NA,NA,NA,NA,NA,NA,NA,NA,NA,NA,NA,NA,NA,NA,NA,NA,NA,NA,NA,NA,NA,NA,NA,NA,NA,NA,NA,NA,NA,NA,5,5,3,2,2,5,6,3,3,NA,NA,NA,NA,NA,NA,NA,NA,NA,NA,NA,NA,NA,NA,NA,NA,NA,NA,NA,NA,NA,NA,NA,NA,NA,NA,NA,NA,NA,NA,NA,NA,NA,NA,NA,NA,"EASE2006",4,1,1,"2yrs"
5,3,3,3,2,4,6,3,6,"35",5,4,5,5,4,4,6,5,6,5,5,4,4,3,5,6,4,6,5,5,4,5,4,4,7,5,7,3,3,4,3,3,4,6,4,6,NA,NA,NA,NA,NA,NA,NA,NA,NA,6,5,5,5,5,5,7,5,7,6,5,5,5,5,5,7,5,6,6,6,6,6,5,5,7,6,6,5,5,5,3,3,4,6,4,6,NA,NA,NA,NA,NA,NA,NA,NA,NA,5,6,5,5,4,4,7,5,6,5,5,6,5,4,4,7,5,6,5,5,6,5,4,5,7,5,6,NA,NA,NA,NA,NA,NA,NA,NA,NA,"EASE2007",1,1,1,"7 years ago"
2,3,3,4,4,3,2,5,4,"30",3,3,3,5,5,3,3,7,3,4,4,4,4,4,4,4,4,4,5,4,6,4,5,3,3,4,4,5,5,5,4,4,4,5,4,5,NA,NA,NA,NA,NA,NA,NA,NA,NA,5,5,5,5,5,5,4,5,5,5,5,5,4,5,5,5,5,5,5,5,5,4,4,4,5,5,5,5,5,5,4,6,5,3,6,5,NA,NA,NA,NA,NA,NA,NA,NA,NA,5,5,5,4,4,5,5,3,5,5,5,6,5,5,5,5,5,5,5,5,5,4,5,5,5,5,5,NA,NA,NA,NA,NA,NA,NA,NA,NA,"EASE2008",1,0,1,"6 months"
5,5,5,4,6,5,6,3,5,"44",6,6,6,5,5,6,5,4,5,5,6,5,3,6,5,5,5,4,6,6,5,5,5,5,5,4,5,5,5,6,4,6,5,6,4,3,NA,NA,NA,NA,NA,NA,NA,NA,NA,6,6,6,4,6,5,6,4,5,6,6,6,4,6,5,4,4,5,6,6,6,3,5,4,5,4,5,5,6,6,4,6,5,6,4,6,NA,NA,NA,NA,NA,NA,NA,NA,NA,6,6,6,4,6,6,6,4,6,6,6,6,4,6,6,6,4,6,6,6,6,4,6,6,6,4,6,NA,NA,NA,NA,NA,NA,NA,NA,NA,"EASE2009",2,0,1,"about 4 years ago"
3,2,3,1,1,3,1,1,6,"21",2,2,3,5,2,4,3,1,4,NA,NA,NA,NA,NA,NA,NA,NA,NA,NA,NA,NA,NA,NA,NA,NA,NA,NA,NA,NA,NA,NA,NA,NA,NA,NA,NA,NA,NA,NA,NA,NA,NA,NA,NA,NA,NA,NA,NA,NA,NA,NA,NA,NA,NA,NA,NA,NA,NA,NA,NA,NA,NA,NA,NA,NA,NA,NA,NA,NA,NA,NA,NA,NA,NA,NA,NA,NA,NA,NA,NA,NA,NA,NA,NA,NA,NA,NA,NA,NA,NA,NA,NA,NA,NA,NA,NA,NA,NA,NA,NA,NA,NA,NA,NA,NA,NA,NA,NA,NA,NA,NA,NA,NA,NA,NA,NA,NA,NA,NA,NA,NA,NA,NA,NA,NA,NA,"EASE2010",3,1,1,"yesterday"
5,6,6,6,6,6,6,6,6,"53",4,7,7,7,5,7,7,4,7,5,7,7,7,5,7,7,7,7,5,7,7,7,7,7,7,5,7,6,7,6,7,7,7,4,6,7,NA,NA,NA,NA,NA,NA,NA,NA,NA,6,7,7,6,7,7,3,4,7,5,7,7,6,7,7,3,6,7,4,7,7,6,7,7,3,6,7,NA,NA,NA,NA,NA,NA,NA,NA,NA,NA,NA,NA,NA,NA,NA,NA,NA,NA,NA,NA,NA,NA,NA,NA,NA,NA,NA,NA,NA,NA,NA,NA,NA,NA,NA,NA,NA,NA,NA,NA,NA,NA,NA,NA,NA,NA,NA,NA,NA,NA,NA,NA,NA,NA,"EASE2011",3,1,1,"more than 3 years"
5,5,5,5,5,5,5,5,5,"45",5,5,5,5,5,5,5,5,5,NA,NA,NA,NA,NA,NA,NA,NA,NA,NA,NA,NA,NA,NA,NA,NA,NA,NA,NA,NA,NA,NA,NA,NA,NA,NA,NA,NA,NA,NA,NA,NA,NA,NA,NA,NA,NA,NA,NA,NA,NA,NA,NA,NA,NA,NA,NA,NA,NA,NA,NA,NA,NA,NA,NA,NA,NA,NA,NA,NA,NA,NA,NA,NA,NA,NA,NA,NA,NA,NA,NA,NA,NA,NA,NA,NA,NA,NA,NA,NA,NA,NA,NA,NA,NA,NA,NA,NA,NA,NA,NA,NA,NA,NA,NA,NA,NA,NA,NA,NA,NA,NA,NA,NA,NA,NA,NA,NA,NA,NA,NA,NA,NA,NA,NA,NA,NA,"EASE2012",3,0,1,"2016"
3,4,3,3,5,4,4,2,5,"33",NA,NA,NA,NA,NA,NA,NA,NA,NA,NA,NA,NA,NA,NA,NA,NA,NA,NA,NA,NA,NA,NA,NA,NA,NA,NA,NA,NA,NA,NA,NA,NA,NA,NA,NA,NA,5,5,5,5,3,3,3,5,5,NA,NA,NA,NA,NA,NA,NA,NA,NA,NA,NA,NA,NA,NA,NA,NA,NA,NA,NA,NA,NA,NA,NA,NA,NA,NA,NA,NA,NA,NA,NA,NA,NA,NA,NA,NA,3,4,3,6,3,3,3,3,3,NA,NA,NA,NA,NA,NA,NA,NA,NA,NA,NA,NA,NA,NA,NA,NA,NA,NA,NA,NA,NA,NA,NA,NA,NA,NA,NA,NA,NA,NA,NA,NA,NA,NA,NA,NA,"EASE2013",4,1,1,"today"
3,2,2,2,2,3,5,2,6,"27",NA,NA,NA,NA,NA,NA,NA,NA,NA,NA,NA,NA,NA,NA,NA,NA,NA,NA,NA,NA,NA,NA,NA,NA,NA,NA,NA,NA,NA,NA,NA,NA,NA,NA,NA,NA,3,3,2,3,5,5,3,4,2,NA,NA,NA,NA,NA,NA,NA,NA,NA,NA,NA,NA,NA,NA,NA,NA,NA,NA,NA,NA,NA,NA,NA,NA,NA,NA,NA,NA,NA,NA,NA,NA,NA,NA,NA,NA,3,2,2,2,3,5,4,3,2,NA,NA,NA,NA,NA,NA,NA,NA,NA,NA,NA,NA,NA,NA,NA,NA,NA,NA,NA,NA,NA,NA,NA,NA,NA,NA,NA,2,3,3,4,3,2,2,3,4,"EASE2014",4,0,1,"0ver two years."
3,3,2,4,5,3,7,2,7,"36",NA,NA,NA,NA,NA,NA,NA,NA,NA,NA,NA,NA,NA,NA,NA,NA,NA,NA,NA,NA,NA,NA,NA,NA,NA,NA,NA,NA,NA,NA,NA,NA,NA,NA,NA,NA,3,3,5,5,3,4,6,3,4,NA,NA,NA,NA,NA,NA,NA,NA,NA,NA,NA,NA,NA,NA,NA,NA,NA,NA,NA,NA,NA,NA,NA,NA,NA,NA,NA,NA,NA,NA,NA,NA,NA,NA,NA,NA,3,3,5,5,5,3,7,3,5,NA,NA,NA,NA,NA,NA,NA,NA,NA,NA,NA,NA,NA,NA,NA,NA,NA,NA,NA,NA,NA,NA,NA,NA,NA,NA,NA,NA,NA,NA,NA,NA,NA,NA,NA,NA,"EASE2016",4,1,1,"have been seeing mental health people since 2006 through to current"
6,6,5,5,4,6,7,7,7,"53",6,6,5,6,5,7,7,6,7,6,6,6,6,6,6,6,6,6,7,6,6,5,6,6,6,5,6,5,6,6,6,2,5,7,5,7,NA,NA,NA,NA,NA,NA,NA,NA,NA,6,4,1,1,6,6,7,4,5,6,6,3,6,6,5,7,2,6,6,6,5,5,2,2,7,5,7,6,6,3,5,5,5,7,6,7,NA,NA,NA,NA,NA,NA,NA,NA,NA,3,5,3,5,5,6,7,5,7,7,6,3,4,5,5,7,5,7,5,5,2,6,6,7,7,5,7,NA,NA,NA,NA,NA,NA,NA,NA,NA,"EASE2017",1,0,0,""
5,6,7,5,5,7,7,2,5,"49",5,3,7,4,3,4,4,1,4,5,5,5,6,4,6,6,3,6,6,6,6,4,6,6,6,4,6,NA,NA,NA,NA,NA,NA,NA,NA,NA,NA,NA,NA,NA,NA,NA,NA,NA,NA,5,5,6,5,5,5,5,4,5,5,5,5,5,4,5,5,3,4,6,6,6,6,6,6,6,4,6,NA,NA,NA,NA,NA,NA,NA,NA,NA,NA,NA,NA,NA,NA,NA,NA,NA,NA,NA,NA,NA,NA,NA,NA,NA,NA,NA,NA,NA,NA,NA,NA,NA,NA,NA,NA,NA,NA,NA,NA,NA,NA,NA,NA,NA,NA,NA,NA,NA,NA,NA,NA,NA,NA,"EASE2018",1,0,0,""
4,4,3,2,2,3,3,4,2,"27",5,6,5,4,5,5,4,5,5,5,5,5,4,4,5,4,4,4,5,5,5,4,6,5,4,4,5,NA,NA,NA,NA,NA,NA,NA,NA,NA,NA,NA,NA,NA,NA,NA,NA,NA,NA,NA,NA,NA,NA,NA,NA,NA,NA,NA,NA,NA,NA,NA,NA,NA,NA,NA,NA,NA,NA,NA,NA,NA,NA,NA,NA,NA,NA,NA,NA,NA,NA,NA,NA,NA,NA,NA,NA,NA,NA,NA,NA,NA,NA,NA,NA,NA,NA,NA,NA,NA,NA,NA,NA,NA,NA,NA,NA,NA,NA,NA,NA,NA,NA,NA,NA,NA,NA,NA,NA,NA,NA,NA,NA,NA,NA,NA,NA,NA,NA,NA,"EASE2019",2,1,1,"2 years"
6,5,5,7,7,6,6,6,5,"53",7,6,6,7,7,7,5,6,6,7,7,7,7,7,7,7,7,7,7,7,7,7,7,7,7,7,7,6,5,5,4,6,6,5,5,5,NA,NA,NA,NA,NA,NA,NA,NA,NA,7,6,6,7,7,6,7,6,5,7,6,6,7,6,6,6,7,6,7,6,6,7,6,6,6,6,6,6,5,4,6,7,6,5,6,4,NA,NA,NA,NA,NA,NA,NA,NA,NA,7,6,6,7,7,6,6,7,6,7,6,6,7,6,6,5,6,6,7,6,6,7,6,6,5,6,5,7,7,6,6,6,7,6,5,5,"EASE2020",1,0,1,"1985 after my girl was kidnapped from me and my father died close to the same time  for 1 session and she said I was not depressed"
4,4,4,3,3,5,6,3,7,"39",5,5,5,5,7,6,7,5,5,6,6,6,6,6,6,6,6,6,6,6,6,6,6,6,6,6,6,5,5,6,5,5,6,7,5,6,NA,NA,NA,NA,NA,NA,NA,NA,NA,6,5,6,5,5,6,7,5,5,5,5,5,5,5,5,7,5,5,6,5,6,6,5,6,7,5,5,6,5,6,6,6,5,6,6,6,NA,NA,NA,NA,NA,NA,NA,NA,NA,6,5,6,6,6,5,7,5,5,6,5,6,6,6,5,7,6,5,6,6,6,6,6,6,7,5,5,6,5,6,6,6,5,7,6,4,"EASE2021",2,0,1,"6 months"
6,7,6,7,7,6,7,7,7,"60",5,4,3,4,3,4,4,4,5,5,5,4,4,4,5,5,5,5,5,6,5,5,6,5,4,5,5,5,4,4,4,4,5,5,4,5,NA,NA,NA,NA,NA,NA,NA,NA,NA,5,6,5,5,6,6,6,5,6,5,5,5,5,5,5,6,5,6,6,6,6,6,6,6,6,6,6,5,6,3,5,6,5,6,4,6,NA,NA,NA,NA,NA,NA,NA,NA,NA,6,6,6,6,6,6,6,6,6,6,6,6,6,6,6,6,6,6,6,6,5,6,7,7,7,6,7,NA,NA,NA,NA,NA,NA,NA,NA,NA,"EASE2022",3,0,0,""
7,7,6,6,7,7,7,6,6,"59",NA,NA,NA,NA,NA,NA,NA,NA,NA,NA,NA,NA,NA,NA,NA,NA,NA,NA,NA,NA,NA,NA,NA,NA,NA,NA,NA,NA,NA,NA,NA,NA,NA,NA,NA,NA,7,7,7,6,6,7,7,7,7,NA,NA,NA,NA,NA,NA,NA,NA,NA,NA,NA,NA,NA,NA,NA,NA,NA,NA,NA,NA,NA,NA,NA,NA,NA,NA,NA,NA,NA,NA,NA,NA,NA,NA,NA,NA,7,7,7,6,6,7,7,6,7,NA,NA,NA,NA,NA,NA,NA,NA,NA,NA,NA,NA,NA,NA,NA,NA,NA,NA,NA,NA,NA,NA,NA,NA,NA,NA,NA,NA,NA,NA,NA,NA,NA,NA,NA,NA,"EASE2023",4,0,0,""
6,7,3,7,2,6,6,4,7,"48",NA,NA,NA,NA,NA,NA,NA,NA,NA,NA,NA,NA,NA,NA,NA,NA,NA,NA,NA,NA,NA,NA,NA,NA,NA,NA,NA,NA,NA,NA,NA,NA,NA,NA,NA,NA,5,6,3,7,2,6,5,4,7,NA,NA,NA,NA,NA,NA,NA,NA,NA,NA,NA,NA,NA,NA,NA,NA,NA,NA,NA,NA,NA,NA,NA,NA,NA,NA,NA,NA,NA,NA,NA,NA,NA,NA,NA,NA,6,6,5,7,5,7,6,6,7,NA,NA,NA,NA,NA,NA,NA,NA,NA,NA,NA,NA,NA,NA,NA,NA,NA,NA,NA,NA,NA,NA,NA,NA,NA,NA,NA,6,7,5,7,6,7,6,6,7,"EASE2024",4,1,0,""
5,5,5,4,5,6,6,6,7,"49",7,7,5,5,7,6,6,6,6,7,6,5,5,5,6,7,7,7,7,7,6,7,7,7,7,7,7,6,6,6,6,6,6,6,6,6,NA,NA,NA,NA,NA,NA,NA,NA,NA,6,6,6,6,6,6,6,6,6,6,6,6,6,6,6,6,6,6,6,6,6,6,6,6,6,6,6,7,7,7,6,7,7,7,7,7,NA,NA,NA,NA,NA,NA,NA,NA,NA,7,7,7,7,7,7,7,7,7,7,7,7,7,7,7,7,7,7,7,7,7,7,7,7,7,7,7,7,7,7,7,7,7,7,7,7,"EASE2025",1,1,1,"I have been seeing one since my first sexual assault in 2009, and still continue to see one once a week."
1,3,2,3,6,3,6,3,2,"29",1,2,2,5,6,5,5,2,5,2,3,2,6,6,4,6,2,2,2,2,2,5,5,4,5,3,4,2,3,2,3,6,5,6,3,3,NA,NA,NA,NA,NA,NA,NA,NA,NA,2,2,2,4,5,5,5,3,5,2,2,2,4,6,5,5,5,5,2,3,3,4,5,5,5,5,6,2,3,2,5,6,5,6,5,4,NA,NA,NA,NA,NA,NA,NA,NA,NA,3,3,3,5,5,5,5,5,5,3,3,3,5,5,5,5,5,5,3,3,3,5,5,5,5,5,5,NA,NA,NA,NA,NA,NA,NA,NA,NA,"EASE2026",3,0,0,""
2,2,2,2,6,4,6,2,1,"27",2,3,2,2,7,3,3,3,2,1,1,1,1,1,1,4,1,1,3,4,4,2,6,5,7,2,4,1,6,3,1,6,4,6,2,5,NA,NA,NA,NA,NA,NA,NA,NA,NA,3,6,6,4,7,5,7,4,3,3,7,4,2,7,4,6,3,1,5,7,3,2,7,4,7,3,1,5,7,6,3,7,5,7,4,5,NA,NA,NA,NA,NA,NA,NA,NA,NA,5,7,6,5,7,5,7,5,5,6,7,6,5,7,6,7,6,6,6,7,6,5,7,6,7,6,6,NA,NA,NA,NA,NA,NA,NA,NA,NA,"EASE2027",1,0,1,"1 month"
3,3,3,7,2,3,5,6,5,"37",3,3,3,3,3,3,3,3,3,NA,NA,NA,NA,NA,NA,NA,NA,NA,NA,NA,NA,NA,NA,NA,NA,NA,NA,4,5,5,6,5,5,6,4,4,NA,NA,NA,NA,NA,NA,NA,NA,NA,4,5,5,4,4,5,6,4,4,5,5,5,4,5,5,6,5,6,5,5,5,5,5,5,6,4,5,NA,NA,NA,NA,NA,NA,NA,NA,NA,NA,NA,NA,NA,NA,NA,NA,NA,NA,NA,NA,NA,NA,NA,NA,NA,NA,NA,NA,NA,NA,NA,NA,NA,NA,NA,NA,NA,NA,NA,NA,NA,NA,NA,NA,NA,NA,NA,NA,NA,NA,NA,NA,NA,NA,"EASE2028",1,1,1,"Last Week"
6,6,5,4,7,3,3,2,6,"42",5,6,5,5,7,7,6,5,7,5,5,5,7,7,6,6,4,6,6,6,5,4,7,6,5,3,6,5,6,6,6,7,5,6,4,6,NA,NA,NA,NA,NA,NA,NA,NA,NA,6,6,7,6,7,7,7,4,6,6,6,6,6,7,7,7,5,7,6,6,6,5,7,7,7,5,7,6,6,7,6,7,6,6,5,7,NA,NA,NA,NA,NA,NA,NA,NA,NA,6,6,7,6,7,6,6,5,7,6,6,7,6,7,6,6,6,6,6,7,7,6,7,6,6,6,7,6,7,7,6,7,7,6,6,7,"EASE2029",1,0,1,"10 or more years ago"
6,5,6,5,2,2,5,2,5,"38",2,2,2,2,1,1,1,1,2,2,2,3,3,2,2,3,2,3,3,3,3,3,3,3,3,3,3,2,2,2,2,2,1,1,1,1,NA,NA,NA,NA,NA,NA,NA,NA,NA,5,5,5,5,5,2,2,5,3,5,5,5,5,5,3,3,3,3,5,5,5,4,2,3,2,3,2,5,5,5,3,1,3,2,4,5,NA,NA,NA,NA,NA,NA,NA,NA,NA,5,5,5,5,1,5,1,5,1,5,5,4,4,3,2,1,1,1,5,5,4,5,5,5,5,5,3,NA,NA,NA,NA,NA,NA,NA,NA,NA,"EASE2030",3,0,1,"1 year"
7,6,7,7,4,5,7,2,7,"52",7,7,7,7,7,6,7,7,7,7,7,7,7,7,7,6,7,7,7,7,7,7,7,7,7,7,7,7,6,3,3,5,6,6,6,6,NA,NA,NA,NA,NA,NA,NA,NA,NA,7,7,7,7,7,7,7,7,7,7,7,7,7,7,7,7,7,7,7,7,7,7,6,7,7,7,7,6,6,5,5,6,6,6,6,7,NA,NA,NA,NA,NA,NA,NA,NA,NA,6,6,6,6,7,6,6,6,6,7,7,6,6,6,7,6,6,7,7,7,6,7,7,7,7,7,7,6,6,4,6,7,5,6,7,7,"EASE2031",2,1,1,"4 months"
3,5,4,2,5,3,6,3,6,"37",6,6,6,3,5,5,5,3,6,6,6,6,3,3,6,6,3,6,6,6,6,3,6,6,7,3,6,5,5,3,3,3,6,6,3,5,NA,NA,NA,NA,NA,NA,NA,NA,NA,6,6,4,3,5,6,6,3,6,6,5,3,4,6,6,6,4,6,6,5,4,4,5,6,6,4,6,5,6,5,3,3,6,6,3,6,NA,NA,NA,NA,NA,NA,NA,NA,NA,6,6,5,3,3,6,6,2,6,6,6,5,3,5,6,6,3,6,6,5,5,3,4,6,6,3,6,6,6,3,2,4,6,7,3,5,"EASE2032",2,1,1,""
3,4,6,3,2,4,6,4,5,"37",3,2,6,4,3,3,6,4,5,5,3,5,4,4,5,6,5,5,5,4,5,4,4,4,6,4,6,5,4,5,3,5,5,7,3,5,NA,NA,NA,NA,NA,NA,NA,NA,NA,5,5,5,4,3,4,7,4,5,5,4,5,4,3,4,7,3,6,5,5,5,4,3,3,7,4,6,5,5,6,4,3,5,7,4,6,NA,NA,NA,NA,NA,NA,NA,NA,NA,5,5,5,4,4,3,7,4,6,5,5,5,4,4,4,7,4,6,5,5,5,4,3,4,7,4,6,NA,NA,NA,NA,NA,NA,NA,NA,NA,"EASE2033",1,1,1,"On and off throughout my life since I was in elementary school.  I just started meeting with a new counselor 2 weeks ago."
2,1,1,1,2,2,5,3,6,"23",2,1,2,4,3,3,5,2,6,3,2,3,4,2,2,5,3,6,2,2,3,4,3,3,5,3,6,3,2,3,4,3,5,6,3,6,NA,NA,NA,NA,NA,NA,NA,NA,NA,3,2,5,4,3,3,6,3,6,3,3,3,4,5,5,6,3,6,3,3,3,4,3,3,6,3,6,3,3,5,3,5,3,6,3,6,NA,NA,NA,NA,NA,NA,NA,NA,NA,NA,NA,NA,NA,NA,NA,NA,NA,NA,NA,NA,NA,NA,NA,NA,NA,NA,NA,NA,NA,NA,NA,NA,NA,NA,NA,NA,NA,NA,NA,NA,NA,NA,NA,NA,NA,"EASE2034",1,1,1,"current"
2,3,2,1,3,4,4,3,4,"26",4,3,3,3,4,3,3,3,3,3,3,3,2,3,3,4,3,4,3,3,4,2,3,4,4,3,3,3,3,3,2,3,3,3,3,4,NA,NA,NA,NA,NA,NA,NA,NA,NA,3,3,3,2,2,3,3,3,4,3,3,4,2,2,3,3,3,4,3,3,3,2,3,3,3,3,2,3,3,3,2,3,4,4,3,4,NA,NA,NA,NA,NA,NA,NA,NA,NA,4,4,3,3,3,4,4,5,4,3,3,4,2,4,4,4,3,4,3,3,3,2,3,3,4,3,4,3,3,3,2,3,4,5,3,5,"EASE2035",3,0,1,"1 year UCCS, 2.5 years VA"
5,3,4,5,2,3,7,4,1,"34",NA,NA,NA,NA,NA,NA,NA,NA,NA,NA,NA,NA,NA,NA,NA,NA,NA,NA,NA,NA,NA,NA,NA,NA,NA,NA,NA,NA,NA,NA,NA,NA,NA,NA,NA,NA,NA,NA,NA,NA,NA,NA,NA,NA,NA,NA,NA,NA,NA,NA,NA,NA,NA,NA,NA,NA,NA,NA,NA,NA,NA,NA,NA,NA,NA,NA,NA,NA,NA,NA,NA,NA,NA,NA,NA,NA,NA,NA,NA,NA,NA,NA,NA,NA,NA,NA,NA,NA,NA,NA,NA,NA,NA,NA,NA,NA,NA,NA,NA,NA,NA,NA,NA,NA,NA,NA,NA,NA,NA,NA,NA,NA,NA,NA,NA,NA,NA,NA,NA,NA,NA,NA,NA,NA,NA,NA,"EASE2036",3,0,1,"2 yr."
1,1,1,1,1,1,1,1,7,"15",NA,NA,NA,NA,NA,NA,NA,NA,NA,NA,NA,NA,NA,NA,NA,NA,NA,NA,NA,NA,NA,NA,NA,NA,NA,NA,NA,NA,NA,NA,NA,NA,NA,NA,NA,NA,3,3,2,1,1,3,3,2,7,NA,NA,NA,NA,NA,NA,NA,NA,NA,NA,NA,NA,NA,NA,NA,NA,NA,NA,NA,NA,NA,NA,NA,NA,NA,NA,NA,NA,NA,NA,NA,NA,NA,NA,NA,NA,NA,NA,NA,NA,NA,NA,NA,NA,NA,NA,NA,NA,NA,NA,NA,NA,NA,NA,NA,NA,NA,NA,NA,NA,NA,NA,NA,NA,NA,NA,NA,NA,NA,NA,NA,NA,NA,NA,NA,NA,NA,NA,NA,NA,NA,"EASE2037",4,1,1,"Last 11 years"
6,6,5,7,5,6,3,6,2,"46",5,5,6,7,4,7,4,7,6,5,5,5,7,6,5,4,7,5,5,5,5,7,5,5,4,5,5,6,6,6,6,5,6,3,6,5,NA,NA,NA,NA,NA,NA,NA,NA,NA,6,6,6,6,3,6,3,6,5,6,6,5,6,3,6,3,6,3,6,6,5,6,3,6,4,6,4,6,5,5,6,3,6,3,4,5,NA,NA,NA,NA,NA,NA,NA,NA,NA,5,5,5,6,3,6,3,6,4,6,5,6,6,3,6,3,6,4,5,5,5,6,3,6,3,6,4,5,5,5,7,3,6,3,7,5,"EASE2038",2,1,1,"2 years"
5,5,5,3,5,3,6,2,5,"39",5,5,5,4,6,4,6,4,7,5,6,6,3,7,6,6,5,7,5,6,5,3,5,6,6,3,7,5,6,5,3,5,5,7,3,7,NA,NA,NA,NA,NA,NA,NA,NA,NA,5,5,5,5,7,6,7,5,7,5,6,6,3,7,7,7,4,7,6,7,6,3,7,7,7,4,7,6,6,6,4,6,6,7,6,7,NA,NA,NA,NA,NA,NA,NA,NA,NA,6,6,6,5,7,6,7,7,7,6,6,5,4,7,7,7,5,7,5,6,5,4,7,7,7,5,7,6,7,6,5,7,6,7,6,7,"EASE2039",1,0,1,"1 year"
3,5,4,3,3,2,6,2,3,"31",NA,NA,NA,NA,NA,NA,NA,NA,NA,NA,NA,NA,NA,NA,NA,NA,NA,NA,NA,NA,NA,NA,NA,NA,NA,NA,NA,NA,NA,NA,NA,NA,NA,NA,NA,NA,NA,NA,NA,NA,NA,NA,NA,NA,NA,NA,NA,NA,NA,NA,NA,NA,NA,NA,NA,NA,NA,NA,NA,NA,NA,NA,NA,NA,NA,NA,NA,NA,NA,NA,NA,NA,NA,NA,NA,NA,NA,NA,NA,NA,NA,NA,NA,NA,NA,NA,NA,NA,NA,NA,NA,NA,NA,NA,NA,NA,NA,NA,NA,NA,NA,NA,NA,NA,NA,NA,NA,NA,NA,NA,NA,NA,NA,NA,NA,NA,NA,NA,NA,NA,NA,NA,NA,NA,NA,NA,"EASE2040",4,0,0,""
5,5,5,5,4,5,5,5,6,"45",NA,NA,NA,NA,NA,NA,NA,NA,NA,NA,NA,NA,NA,NA,NA,NA,NA,NA,NA,NA,NA,NA,NA,NA,NA,NA,NA,NA,NA,NA,NA,NA,NA,NA,NA,NA,5,4,5,3,3,4,5,3,4,NA,NA,NA,NA,NA,NA,NA,NA,NA,NA,NA,NA,NA,NA,NA,NA,NA,NA,NA,NA,NA,NA,NA,NA,NA,NA,NA,NA,NA,NA,NA,NA,NA,NA,NA,NA,4,4,3,4,3,4,5,3,5,NA,NA,NA,NA,NA,NA,NA,NA,NA,NA,NA,NA,NA,NA,NA,NA,NA,NA,NA,NA,NA,NA,NA,NA,NA,NA,NA,4,4,5,4,3,3,5,4,5,"EASE2041",4,1,1,"yesterday recovery group, weekly appointment councelor"
3,6,2,1,1,2,7,1,2,"25",2,5,3,1,2,5,7,1,1,2,5,2,1,1,3,7,1,1,2,5,2,1,2,3,7,1,1,5,5,3,2,2,3,6,1,2,NA,NA,NA,NA,NA,NA,NA,NA,NA,3,3,3,1,2,3,6,2,2,3,3,3,1,2,3,6,1,2,3,3,3,2,2,3,6,1,3,NA,NA,NA,NA,NA,NA,NA,NA,NA,NA,NA,NA,NA,NA,NA,NA,NA,NA,NA,NA,NA,NA,NA,NA,NA,NA,NA,NA,NA,NA,NA,NA,NA,NA,NA,NA,NA,NA,NA,NA,NA,NA,NA,NA,NA,NA,NA,NA,NA,NA,NA,NA,NA,NA,"EASE2042",3,0,1,"For about half a year"
6,5,7,5,4,4,6,3,5,"45",7,4,7,5,5,3,7,3,5,7,4,7,5,2,2,7,3,6,7,4,7,5,3,2,7,2,6,7,5,7,5,3,3,7,2,6,NA,NA,NA,NA,NA,NA,NA,NA,NA,7,5,7,3,3,2,7,2,6,7,4,7,5,2,2,7,3,6,7,5,7,5,2,2,7,3,6,7,5,7,5,3,3,7,2,6,NA,NA,NA,NA,NA,NA,NA,NA,NA,7,5,7,5,2,2,7,3,6,7,4,7,5,2,2,7,3,6,7,5,7,5,2,2,7,3,6,2,2,6,5,2,2,7,2,6,"EASE2043",3,0,1,"Three weeks"
2,3,4,3,1,1,6,4,5,"29",2,4,5,5,3,4,7,6,6,2,2,5,4,2,3,6,4,6,3,4,5,3,2,3,6,5,6,3,4,3,4,5,2,6,3,6,NA,NA,NA,NA,NA,NA,NA,NA,NA,3,3,3,3,2,2,6,4,6,5,3,5,5,3,3,6,5,6,5,5,4,3,3,3,6,5,6,4,5,4,5,3,3,6,5,6,NA,NA,NA,NA,NA,NA,NA,NA,NA,5,5,4,4,4,4,6,5,6,5,5,4,4,4,5,6,5,7,5,5,5,4,4,5,6,5,7,NA,NA,NA,NA,NA,NA,NA,NA,NA,"EASE2044",3,1,1,"A week ago"
1,3,2,1,4,3,5,5,4,"28",4,7,5,7,4,3,7,7,4,5,5,2,3,3,5,6,5,4,5,5,4,1,2,4,5,2,4,1,3,3,5,4,4,4,5,5,NA,NA,NA,NA,NA,NA,NA,NA,NA,3,4,4,2,2,3,4,2,4,5,5,2,2,4,4,4,2,3,5,4,3,5,4,3,4,2,3,4,5,1,1,4,2,4,4,5,NA,NA,NA,NA,NA,NA,NA,NA,NA,5,4,3,4,3,4,3,5,6,5,4,4,2,4,4,3,4,3,5,5,6,2,4,4,3,5,4,3,5,3,1,3,5,4,5,6,"EASE2046",1,1,1,"last seen about 6 months ago"
3,4,6,6,2,2,7,5,3,"38",NA,NA,NA,NA,NA,NA,NA,NA,NA,NA,NA,NA,NA,NA,NA,NA,NA,NA,NA,NA,NA,NA,NA,NA,NA,NA,NA,NA,NA,NA,NA,NA,NA,NA,NA,NA,5,2,5,5,2,3,6,2,3,NA,NA,NA,NA,NA,NA,NA,NA,NA,NA,NA,NA,NA,NA,NA,NA,NA,NA,NA,NA,NA,NA,NA,NA,NA,NA,NA,NA,NA,NA,NA,NA,NA,NA,NA,NA,5,4,5,6,2,5,6,2,5,NA,NA,NA,NA,NA,NA,NA,NA,NA,NA,NA,NA,NA,NA,NA,NA,NA,NA,NA,NA,NA,NA,NA,NA,NA,NA,NA,NA,NA,NA,NA,NA,NA,NA,NA,NA,"EASE2048",4,0,0,""
6,6,6,4,2,4,5,4,3,"40",6,4,5,6,6,6,2,4,2,6,5,5,4,4,4,2,5,4,5,4,5,5,5,5,3,4,3,6,4,6,5,4,4,2,4,4,NA,NA,NA,NA,NA,NA,NA,NA,NA,6,4,5,5,4,4,2,3,4,6,4,5,5,4,5,2,4,4,6,4,5,4,4,4,2,4,4,6,5,5,5,3,5,2,4,5,NA,NA,NA,NA,NA,NA,NA,NA,NA,6,5,5,6,5,5,2,4,3,5,5,5,4,5,5,2,4,4,6,6,5,5,6,6,1,5,2,NA,NA,NA,NA,NA,NA,NA,NA,NA,"EASE2049",3,0,1,"about Eight years ago"
2,2,2,2,2,1,2,1,2,"16",2,2,2,2,2,3,2,2,3,2,3,2,2,3,2,2,2,2,3,3,3,2,3,3,3,3,3,2,2,2,1,2,2,2,2,2,NA,NA,NA,NA,NA,NA,NA,NA,NA,5,4,3,1,2,2,2,3,2,5,5,3,1,3,3,3,3,3,5,4,5,2,3,3,3,3,4,2,2,2,1,2,2,2,3,3,NA,NA,NA,NA,NA,NA,NA,NA,NA,3,3,3,1,2,2,2,3,3,3,2,3,1,1,2,2,2,2,3,3,3,1,3,3,2,3,2,NA,NA,NA,NA,NA,NA,NA,NA,NA,"EASE2050",1,1,1,"Within the past month"
3,6,6,4,4,6,7,6,2,"44",5,6,5,4,6,6,6,2,2,3,6,5,4,4,5,4,4,3,4,6,5,4,6,6,5,6,3,3,6,5,6,6,6,6,4,3,NA,NA,NA,NA,NA,NA,NA,NA,NA,3,6,5,6,6,6,6,6,3,5,6,5,5,5,5,5,4,4,4,5,5,5,6,6,6,4,6,6,7,5,6,6,6,6,5,5,NA,NA,NA,NA,NA,NA,NA,NA,NA,6,6,5,5,6,6,6,5,4,6,6,5,6,6,6,6,5,5,6,6,5,5,6,6,6,5,5,NA,NA,NA,NA,NA,NA,NA,NA,NA,"EASE2051",1,0,1,"Just a few visits"
4,3,3,3,2,3,5,3,5,"31",3,3,4,4,3,2,5,4,5,4,3,4,3,2,3,5,4,6,4,3,3,4,4,3,6,4,6,5,5,5,4,4,4,6,4,6,NA,NA,NA,NA,NA,NA,NA,NA,NA,5,4,4,5,3,3,6,4,6,5,4,4,4,3,3,6,4,6,5,4,4,4,3,3,6,4,6,4,5,5,5,3,4,5,4,6,NA,NA,NA,NA,NA,NA,NA,NA,NA,3,3,4,4,3,3,5,4,6,5,4,4,4,3,4,6,3,6,4,3,4,5,3,3,5,3,5,5,5,3,3,2,3,5,4,6,"EASE2052",3,1,1,"30 years"
5,5,4,2,2,2,2,1,3,"26",5,3,5,5,5,3,3,5,5,5,5,5,5,6,5,5,5,5,5,6,6,4,5,5,3,3,7,3,3,5,5,3,3,5,3,5,NA,NA,NA,NA,NA,NA,NA,NA,NA,5,3,3,1,2,3,3,2,3,4,4,5,4,5,5,4,5,5,4,4,4,1,1,5,5,1,6,5,5,3,3,5,3,5,2,5,NA,NA,NA,NA,NA,NA,NA,NA,NA,5,5,4,5,2,2,4,1,5,5,5,6,6,6,4,4,4,5,4,4,4,4,4,4,5,4,6,3,3,3,2,3,3,3,3,3,"EASE2053",1,1,1,"2 months"
6,7,7,7,7,7,7,7,7,"62",6,7,6,7,7,7,7,7,7,6,7,6,6,7,7,7,7,7,6,6,6,5,6,6,5,5,5,7,7,6,7,7,7,7,7,7,NA,NA,NA,NA,NA,NA,NA,NA,NA,6,6,6,6,7,6,6,6,6,6,6,6,6,6,6,6,6,6,6,6,5,5,6,6,6,6,6,6,6,6,6,6,6,6,6,6,NA,NA,NA,NA,NA,NA,NA,NA,NA,6,6,6,6,6,6,6,6,6,6,6,6,6,6,6,6,6,6,6,6,6,6,6,6,6,6,6,NA,NA,NA,NA,NA,NA,NA,NA,NA,"EASE2054",3,0,0,""
2,2,2,2,1,2,2,1,2,"16",1,1,1,2,1,2,2,2,2,2,1,1,2,1,2,5,2,2,2,3,1,2,1,5,5,2,2,2,3,3,2,1,5,5,1,3,NA,NA,NA,NA,NA,NA,NA,NA,NA,3,5,4,5,2,3,5,3,5,3,3,3,3,2,5,5,4,4,5,5,5,5,5,5,5,5,5,NA,NA,NA,NA,NA,NA,NA,NA,NA,NA,NA,NA,NA,NA,NA,NA,NA,NA,NA,NA,NA,NA,NA,NA,NA,NA,NA,NA,NA,NA,NA,NA,NA,NA,NA,NA,NA,NA,NA,NA,NA,NA,NA,NA,NA,NA,NA,NA,NA,NA,NA,NA,NA,NA,"EASE2055",2,1,1,"15 years"
5,6,7,6,2,7,7,6,7,"53",5,5,7,7,4,6,6,5,7,6,5,6,6,3,6,6,5,6,6,4,5,1,3,6,6,5,6,5,2,6,6,3,3,6,4,6,NA,NA,NA,NA,NA,NA,NA,NA,NA,6,5,5,7,3,3,6,5,6,6,3,6,7,5,3,6,3,6,6,5,3,6,5,3,6,2,6,3,2,3,6,5,5,6,5,7,NA,NA,NA,NA,NA,NA,NA,NA,NA,6,5,6,6,6,6,6,5,7,2,3,6,6,6,5,6,6,7,5,3,6,6,6,4,6,5,7,6,2,5,6,3,3,7,3,7,"EASE2056",1,1,1,"Since 2015, most of the time.  There was about 6 months of not seeing one."
4,4,4,4,4,4,4,4,2,"34",5,5,5,5,5,5,5,5,5,5,5,5,5,5,5,5,5,5,6,6,6,6,6,6,6,6,6,NA,NA,NA,NA,NA,NA,NA,NA,NA,NA,NA,NA,NA,NA,NA,NA,NA,NA,NA,NA,NA,NA,NA,NA,NA,NA,NA,NA,NA,NA,NA,NA,NA,NA,NA,NA,NA,NA,NA,NA,NA,NA,NA,NA,NA,NA,NA,NA,NA,NA,NA,NA,NA,NA,NA,NA,NA,NA,NA,NA,NA,NA,NA,NA,NA,NA,NA,NA,NA,NA,NA,NA,NA,NA,NA,NA,NA,NA,NA,NA,NA,NA,NA,NA,NA,NA,NA,NA,NA,NA,NA,NA,NA,NA,NA,NA,NA,NA,NA,"EASE2057",2,1,1,"2 months ago"
2,5,3,6,2,3,2,6,6,"35",7,7,7,7,7,7,7,7,7,7,7,7,7,7,7,7,7,7,7,7,7,7,7,7,7,7,7,7,7,7,6,7,6,7,6,7,NA,NA,NA,NA,NA,NA,NA,NA,NA,7,7,7,7,7,7,7,7,6,7,7,7,7,7,7,7,7,7,7,7,7,7,7,7,7,7,7,7,6,7,7,7,7,7,7,6,NA,NA,NA,NA,NA,NA,NA,NA,NA,7,6,7,7,7,7,7,7,6,7,6,7,7,7,7,7,7,6,7,6,7,7,7,7,7,7,6,7,7,7,7,7,7,7,7,6,"EASE2059",3,0,1,"4 years"
2,2,3,4,1,3,2,2,3,"22",5,5,5,6,6,5,6,7,6,5,5,5,7,6,5,7,6,6,6,6,5,7,6,5,7,7,6,5,5,6,4,3,5,5,5,7,NA,NA,NA,NA,NA,NA,NA,NA,NA,6,5,7,7,5,5,7,6,7,6,5,5,7,2,6,7,7,7,5,6,6,7,5,5,7,6,7,6,5,6,6,5,5,6,6,6,NA,NA,NA,NA,NA,NA,NA,NA,NA,6,6,6,7,5,5,6,7,6,6,5,6,7,6,5,6,7,7,6,5,6,7,5,5,6,5,6,7,6,7,6,6,6,6,6,7,"EASE2060",1,1,1,"several iterations in the past, usually about 6mo-1yr at a time"
6,6,6,5,3,3,5,5,6,"45",6,3,4,3,3,4,5,5,5,5,5,3,5,3,3,3,3,5,6,5,3,6,3,6,6,6,6,3,3,3,3,3,3,3,3,3,NA,NA,NA,NA,NA,NA,NA,NA,NA,5,5,5,5,5,5,5,5,5,3,3,3,3,3,3,3,3,3,3,3,3,3,3,3,3,3,3,3,3,3,3,3,3,3,3,3,NA,NA,NA,NA,NA,NA,NA,NA,NA,3,3,3,3,3,3,3,3,3,3,3,3,3,3,3,3,3,3,3,3,3,3,3,3,3,3,3,3,3,5,5,3,5,5,5,5,"EASE2061",1,1,1,"current"
2,2,2,3,3,3,6,4,1,"26",NA,NA,NA,NA,NA,NA,NA,NA,NA,NA,NA,NA,NA,NA,NA,NA,NA,NA,NA,NA,NA,NA,NA,NA,NA,NA,NA,NA,NA,NA,NA,NA,NA,NA,NA,NA,NA,NA,NA,NA,NA,NA,NA,NA,NA,NA,NA,NA,NA,NA,NA,NA,NA,NA,NA,NA,NA,NA,NA,NA,NA,NA,NA,NA,NA,NA,NA,NA,NA,NA,NA,NA,NA,NA,NA,NA,NA,NA,NA,NA,NA,3,5,2,1,3,4,6,3,6,NA,NA,NA,NA,NA,NA,NA,NA,NA,NA,NA,NA,NA,NA,NA,NA,NA,NA,NA,NA,NA,NA,NA,NA,NA,NA,NA,7,6,6,6,7,6,6,6,4,"EASE2062",4,0,1,"on and off, various providers over the span of 30 years"
5,5,5,6,3,5,6,5,6,"46",NA,NA,NA,NA,NA,NA,NA,NA,NA,NA,NA,NA,NA,NA,NA,NA,NA,NA,NA,NA,NA,NA,NA,NA,NA,NA,NA,NA,NA,NA,NA,NA,NA,NA,NA,NA,5,5,5,5,3,4,6,6,5,NA,NA,NA,NA,NA,NA,NA,NA,NA,NA,NA,NA,NA,NA,NA,NA,NA,NA,NA,NA,NA,NA,NA,NA,NA,NA,NA,NA,NA,NA,NA,NA,NA,NA,NA,NA,5,5,5,5,5,5,5,5,5,NA,NA,NA,NA,NA,NA,NA,NA,NA,NA,NA,NA,NA,NA,NA,NA,NA,NA,NA,NA,NA,NA,NA,NA,NA,NA,NA,6,6,5,5,5,5,5,5,6,"EASE2063",4,0,1,"18 months"
6,5,6,6,5,5,5,5,6,"49",5,5,5,4,3,4,4,4,4,5,5,5,5,4,4,5,4,5,5,5,5,5,5,5,5,5,5,6,6,6,6,6,6,6,6,6,NA,NA,NA,NA,NA,NA,NA,NA,NA,6,6,5,5,5,5,5,5,5,6,6,5,5,3,5,5,5,5,5,5,4,5,5,5,5,5,5,6,6,6,6,5,5,6,5,5,NA,NA,NA,NA,NA,NA,NA,NA,NA,5,5,5,5,3,5,5,5,5,5,5,3,5,3,5,5,5,5,5,5,4,5,4,5,5,4,5,NA,NA,NA,NA,NA,NA,NA,NA,NA,"EASE2064",1,1,1,"since 2015, therapist left and started again this past 6 months"
5,1,4,5,2,4,6,3,4,"34",NA,NA,NA,NA,NA,NA,NA,NA,NA,NA,NA,NA,NA,NA,NA,NA,NA,NA,NA,NA,NA,NA,NA,NA,NA,NA,NA,NA,NA,NA,NA,NA,NA,NA,NA,NA,NA,NA,NA,NA,NA,NA,NA,NA,NA,NA,NA,NA,NA,NA,NA,NA,NA,NA,NA,NA,NA,NA,NA,NA,NA,NA,NA,NA,NA,NA,NA,NA,NA,NA,NA,NA,NA,NA,NA,NA,NA,NA,NA,NA,NA,NA,NA,NA,NA,NA,NA,NA,NA,NA,NA,NA,NA,NA,NA,NA,NA,NA,NA,NA,NA,NA,NA,NA,NA,NA,NA,NA,NA,NA,NA,NA,NA,NA,NA,NA,NA,NA,NA,NA,NA,NA,NA,NA,NA,NA,"EASE2065",3,NA,NA,""
6,4,7,7,1,3,6,2,2,"38",3,3,4,6,1,4,7,2,2,3,2,5,7,1,4,7,2,4,3,2,5,7,1,3,7,2,2,4,5,6,7,2,4,7,4,1,NA,NA,NA,NA,NA,NA,NA,NA,NA,3,4,6,7,1,3,7,2,1,3,4,6,7,1,3,7,2,2,2,4,6,7,1,4,7,2,1,3,2,4,7,1,3,7,2,1,NA,NA,NA,NA,NA,NA,NA,NA,NA,4,2,4,7,1,3,7,2,2,3,2,4,7,1,2,7,2,2,3,2,4,7,1,2,7,2,2,3,4,7,7,2,4,7,4,1,"EASE2066",3,0,1,"A year ago"
5,5,3,3,4,4,6,3,4,"37",4,4,5,2,2,4,6,2,5,5,4,5,3,3,3,6,2,4,5,4,4,3,3,4,7,3,5,2,3,3,2,1,3,6,5,5,NA,NA,NA,NA,NA,NA,NA,NA,NA,3,3,2,2,1,3,5,3,4,3,3,2,2,2,2,6,2,4,2,2,2,2,2,2,5,3,4,4,4,3,3,2,3,5,3,4,NA,NA,NA,NA,NA,NA,NA,NA,NA,NA,NA,NA,NA,NA,NA,NA,NA,NA,NA,NA,NA,NA,NA,NA,NA,NA,NA,NA,NA,NA,NA,NA,NA,NA,NA,NA,3,5,3,3,2,4,6,2,3,"EASE2067",3,1,1,"1 day"
5,5,5,5,5,5,6,4,5,"45",3,4,3,3,3,3,3,3,4,5,5,5,5,4,4,5,5,5,5,5,6,5,5,3,5,5,5,5,5,5,3,3,4,5,3,5,NA,NA,NA,NA,NA,NA,NA,NA,NA,5,5,5,3,3,3,6,3,5,5,5,5,5,3,3,6,5,5,5,5,5,3,3,3,6,3,5,5,5,5,3,3,4,5,3,5,NA,NA,NA,NA,NA,NA,NA,NA,NA,5,5,5,3,3,5,5,3,5,5,5,5,3,3,5,5,3,5,5,5,5,3,3,3,5,3,5,NA,NA,NA,NA,NA,NA,NA,NA,NA,"EASE2070",3,1,1,"Psychologist for about 9 years; Psychiatrist - saw one for about 6 months and have been seeing one now for about 2 months so far"
6,5,5,6,7,3,5,5,7,"49",6,5,6,6,7,5,5,6,6,7,5,5,6,6,5,5,6,5,6,6,6,6,6,6,6,6,6,6,5,6,6,6,5,5,6,6,NA,NA,NA,NA,NA,NA,NA,NA,NA,6,6,6,6,6,5,5,5,6,6,6,6,6,6,6,6,6,6,6,6,6,6,6,6,6,6,6,6,6,6,6,6,6,6,6,6,NA,NA,NA,NA,NA,NA,NA,NA,NA,6,6,6,6,6,6,6,6,6,6,6,6,6,6,6,6,6,6,6,6,6,6,6,6,6,6,6,6,6,6,6,6,6,6,6,6,"EASE2071",2,1,1,"just over a year ago"
4,5,5,6,5,5,6,5,2,"43",NA,NA,NA,NA,NA,NA,NA,NA,NA,NA,NA,NA,NA,NA,NA,NA,NA,NA,NA,NA,NA,NA,NA,NA,NA,NA,NA,NA,NA,NA,NA,NA,NA,NA,NA,NA,3,1,1,3,3,1,2,3,2,NA,NA,NA,NA,NA,NA,NA,NA,NA,NA,NA,NA,NA,NA,NA,NA,NA,NA,NA,NA,NA,NA,NA,NA,NA,NA,NA,NA,NA,NA,NA,NA,NA,NA,NA,NA,3,5,3,3,4,6,6,3,2,NA,NA,NA,NA,NA,NA,NA,NA,NA,NA,NA,NA,NA,NA,NA,NA,NA,NA,NA,NA,NA,NA,NA,NA,NA,NA,NA,NA,NA,NA,NA,NA,NA,NA,NA,NA,"EASE2072",4,0,1,"8mth"
3,5,5,3,5,5,6,2,7,"41",NA,NA,NA,NA,NA,NA,NA,NA,NA,NA,NA,NA,NA,NA,NA,NA,NA,NA,NA,NA,NA,NA,NA,NA,NA,NA,NA,NA,NA,NA,NA,NA,NA,NA,NA,NA,5,5,5,6,6,5,6,6,7,NA,NA,NA,NA,NA,NA,NA,NA,NA,NA,NA,NA,NA,NA,NA,NA,NA,NA,NA,NA,NA,NA,NA,NA,NA,NA,NA,NA,NA,NA,NA,NA,NA,NA,NA,NA,5,5,3,5,5,5,6,3,7,NA,NA,NA,NA,NA,NA,NA,NA,NA,NA,NA,NA,NA,NA,NA,NA,NA,NA,NA,NA,NA,NA,NA,NA,NA,NA,NA,NA,NA,NA,NA,NA,NA,NA,NA,NA,"EASE2073",4,1,1,"a week ago"
3,6,2,6,2,4,7,3,4,"37",4,5,4,4,3,4,7,5,4,3,3,3,3,4,4,7,5,3,3,3,3,3,5,3,7,4,3,3,4,3,3,3,2,2,5,2,NA,NA,NA,NA,NA,NA,NA,NA,NA,5,3,3,3,3,3,7,3,3,4,3,3,3,4,3,7,3,1,4,3,3,5,5,3,7,5,5,3,3,3,5,5,3,7,3,3,NA,NA,NA,NA,NA,NA,NA,NA,NA,3,3,3,3,5,2,7,5,3,5,3,3,3,5,3,7,5,3,5,3,3,3,5,3,7,3,1,3,3,2,5,5,3,7,5,3,"EASE2077",1,0,1,"less than a month"
6,5,5,2,3,5,5,2,3,"36",5,4,6,2,5,4,3,3,4,5,4,5,3,3,3,4,4,4,4,4,5,3,3,4,4,4,4,5,4,6,2,3,2,2,3,4,NA,NA,NA,NA,NA,NA,NA,NA,NA,5,4,6,2,3,3,3,3,3,5,4,5,2,3,3,3,3,4,5,4,5,2,3,3,3,3,4,5,4,5,2,3,4,2,3,3,NA,NA,NA,NA,NA,NA,NA,NA,NA,5,4,5,2,3,3,2,4,2,5,3,5,2,3,3,2,3,2,5,4,5,2,3,3,2,2,2,5,6,4,2,6,2,2,5,2,"EASE2079",3,1,1,"Last week"
1,1,1,1,1,1,1,1,1,"9",1,1,1,1,1,1,1,1,1,1,1,1,1,1,1,1,1,1,1,1,1,1,1,1,1,1,1,5,4,6,2,3,2,2,3,4,NA,NA,NA,NA,NA,NA,NA,NA,NA,NA,NA,NA,NA,NA,NA,NA,NA,NA,NA,NA,NA,NA,NA,NA,NA,NA,NA,NA,NA,NA,NA,NA,NA,NA,NA,NA,NA,NA,NA,NA,NA,NA,NA,NA,NA,NA,NA,NA,NA,NA,NA,NA,NA,NA,NA,NA,NA,NA,NA,NA,NA,NA,NA,NA,NA,NA,NA,NA,NA,NA,NA,NA,NA,NA,NA,NA,NA,NA,NA,NA,NA,NA,NA,NA,NA,NA,NA,NA,NA,NA,"EASE2081",1,0,0,""
5,7,7,4,3,3,7,2,5,"43",6,7,6,5,2,5,7,5,7,6,6,6,5,3,3,7,4,4,6,6,6,6,4,5,7,5,6,NA,NA,NA,NA,NA,NA,NA,NA,NA,NA,NA,NA,NA,NA,NA,NA,NA,NA,NA,NA,NA,NA,NA,NA,NA,NA,NA,NA,NA,NA,NA,NA,NA,NA,NA,NA,NA,NA,NA,NA,NA,NA,NA,NA,NA,NA,NA,NA,NA,NA,NA,NA,NA,NA,NA,NA,NA,NA,NA,NA,NA,NA,NA,NA,NA,NA,NA,NA,NA,NA,NA,NA,NA,NA,NA,NA,NA,NA,NA,NA,NA,NA,NA,NA,NA,NA,NA,NA,NA,NA,NA,NA,NA,NA,NA,NA,NA,NA,NA,"EASE2082",3,0,1,"4 months ago"
5,3,3,6,1,3,7,3,6,"37",6,5,2,5,2,2,7,5,7,5,5,2,5,3,5,7,5,7,5,6,2,5,5,5,7,5,7,NA,NA,NA,NA,NA,NA,NA,NA,NA,NA,NA,NA,NA,NA,NA,NA,NA,NA,NA,NA,NA,NA,NA,NA,NA,NA,NA,NA,NA,NA,NA,NA,NA,NA,NA,NA,NA,NA,NA,NA,NA,NA,NA,NA,NA,NA,NA,NA,NA,NA,NA,NA,NA,NA,NA,NA,NA,NA,NA,NA,NA,NA,NA,NA,NA,NA,NA,NA,NA,NA,NA,NA,NA,NA,NA,NA,NA,NA,NA,NA,NA,NA,NA,NA,NA,NA,NA,NA,NA,NA,NA,NA,NA,NA,NA,NA,NA,NA,NA,"EASE2083",2,1,1,"currently seeing one"
3,5,3,6,2,4,4,1,1,"29",3,7,4,5,1,1,5,2,1,2,7,5,3,1,1,5,1,1,1,7,4,4,4,1,4,3,1,3,5,7,4,3,5,4,3,7,NA,NA,NA,NA,NA,NA,NA,NA,NA,5,6,7,4,2,4,1,3,7,2,6,3,4,1,4,1,2,7,5,6,4,4,2,3,1,1,7,NA,NA,NA,NA,NA,NA,NA,NA,NA,NA,NA,NA,NA,NA,NA,NA,NA,NA,NA,NA,NA,NA,NA,NA,NA,NA,NA,NA,NA,NA,NA,NA,NA,NA,NA,NA,NA,NA,NA,NA,NA,NA,NA,NA,NA,NA,NA,NA,NA,NA,NA,NA,NA,NA,"EASE2088",1,0,1,"2007"
2,2,2,2,2,5,3,4,6,"28",5,2,5,3,4,4,2,3,5,2,3,5,3,2,5,3,4,5,3,3,3,2,5,5,3,3,6,3,3,5,5,5,6,1,5,6,NA,NA,NA,NA,NA,NA,NA,NA,NA,5,4,5,4,2,4,1,1,6,5,4,5,5,2,5,1,1,6,5,5,5,4,2,4,1,3,6,5,5,5,3,3,5,1,5,7,NA,NA,NA,NA,NA,NA,NA,NA,NA,5,2,5,2,2,5,1,3,6,5,5,5,5,2,5,1,4,7,5,5,5,5,2,5,1,5,7,5,3,5,5,3,5,1,5,6,"EASE2089",3,1,1,"for the last 8 years"
5,5,4,2,3,3,7,3,6,"38",7,7,3,3,2,2,7,3,5,6,5,5,5,4,3,7,5,5,7,7,7,7,7,7,7,7,7,5,3,3,3,2,5,7,2,5,NA,NA,NA,NA,NA,NA,NA,NA,NA,5,5,5,5,6,6,6,6,6,5,5,5,4,5,5,4,4,4,7,7,7,7,7,7,7,7,7,6,6,5,5,6,7,7,5,6,NA,NA,NA,NA,NA,NA,NA,NA,NA,7,7,7,7,7,7,7,7,7,7,7,7,7,6,6,6,6,7,7,7,7,7,7,7,7,7,7,5,5,5,6,7,6,7,5,5,"EASE2090",2,1,1,"10 years"
3,3,3,1,1,1,7,3,7,"29",NA,NA,NA,NA,NA,NA,NA,NA,NA,NA,NA,NA,NA,NA,NA,NA,NA,NA,NA,NA,NA,NA,NA,NA,NA,NA,NA,NA,NA,NA,NA,NA,NA,NA,NA,NA,2,2,1,2,1,2,7,4,5,NA,NA,NA,NA,NA,NA,NA,NA,NA,NA,NA,NA,NA,NA,NA,NA,NA,NA,NA,NA,NA,NA,NA,NA,NA,NA,NA,NA,NA,NA,NA,NA,NA,NA,NA,NA,3,3,1,4,6,3,7,6,6,NA,NA,NA,NA,NA,NA,NA,NA,NA,NA,NA,NA,NA,NA,NA,NA,NA,NA,NA,NA,NA,NA,NA,NA,NA,NA,NA,NA,NA,NA,NA,NA,NA,NA,NA,NA,"EASE2091",4,0,1,"2 years ago"
6,7,6,6,5,5,7,7,5,"54",NA,NA,NA,NA,NA,NA,NA,NA,NA,NA,NA,NA,NA,NA,NA,NA,NA,NA,NA,NA,NA,NA,NA,NA,NA,NA,NA,NA,NA,NA,NA,NA,NA,NA,NA,NA,6,6,6,7,6,5,6,7,6,NA,NA,NA,NA,NA,NA,NA,NA,NA,NA,NA,NA,NA,NA,NA,NA,NA,NA,NA,NA,NA,NA,NA,NA,NA,NA,NA,NA,NA,NA,NA,NA,NA,NA,NA,NA,6,6,5,6,5,5,6,6,6,NA,NA,NA,NA,NA,NA,NA,NA,NA,NA,NA,NA,NA,NA,NA,NA,NA,NA,NA,NA,NA,NA,NA,NA,NA,NA,NA,6,6,6,4,5,6,7,4,7,"EASE2093",4,0,1,"4 years ago"
5,4,4,4,5,5,5,3,4,"39",NA,NA,NA,NA,NA,NA,NA,NA,NA,NA,NA,NA,NA,NA,NA,NA,NA,NA,NA,NA,NA,NA,NA,NA,NA,NA,NA,NA,NA,NA,NA,NA,NA,NA,NA,NA,6,5,5,5,5,4,6,5,3,NA,NA,NA,NA,NA,NA,NA,NA,NA,NA,NA,NA,NA,NA,NA,NA,NA,NA,NA,NA,NA,NA,NA,NA,NA,NA,NA,NA,NA,NA,NA,NA,NA,NA,NA,NA,3,4,3,5,5,4,5,5,4,NA,NA,NA,NA,NA,NA,NA,NA,NA,NA,NA,NA,NA,NA,NA,NA,NA,NA,NA,NA,NA,NA,NA,NA,NA,NA,NA,2,3,3,2,3,4,6,3,3,"EASE2094",4,1,1,"about 3 weeks"
5,3,5,3,7,3,3,7,4,"40",NA,NA,NA,NA,NA,NA,NA,NA,NA,NA,NA,NA,NA,NA,NA,NA,NA,NA,NA,NA,NA,NA,NA,NA,NA,NA,NA,NA,NA,NA,NA,NA,NA,NA,NA,NA,5,5,5,2,4,4,2,3,4,NA,NA,NA,NA,NA,NA,NA,NA,NA,NA,NA,NA,NA,NA,NA,NA,NA,NA,NA,NA,NA,NA,NA,NA,NA,NA,NA,NA,NA,NA,NA,NA,NA,NA,NA,NA,6,5,5,4,7,5,3,4,6,NA,NA,NA,NA,NA,NA,NA,NA,NA,NA,NA,NA,NA,NA,NA,NA,NA,NA,NA,NA,NA,NA,NA,NA,NA,NA,NA,5,5,5,5,5,5,5,1,6,"EASE2096",4,0,1,"1 year ago"
5,3,5,5,5,5,5,3,5,"41",5,3,6,5,3,5,5,3,5,6,5,6,6,5,5,6,5,6,6,5,6,6,5,5,6,5,6,6,5,5,6,5,6,6,5,5,NA,NA,NA,NA,NA,NA,NA,NA,NA,6,5,6,6,6,6,6,5,5,6,5,6,6,5,6,6,6,6,6,5,6,5,5,6,6,6,6,6,6,6,6,5,6,6,5,6,NA,NA,NA,NA,NA,NA,NA,NA,NA,6,6,6,5,5,6,6,6,6,6,6,6,6,5,6,6,6,6,6,6,6,6,5,6,6,6,6,6,6,6,6,6,6,6,6,6,"EASE2099",3,1,1,"Wednesday"
6,7,6,5,4,6,3,5,1,"43",6,6,7,4,3,6,4,7,2,5,6,7,3,3,6,3,7,3,6,6,7,3,3,6,4,7,3,5,5,4,3,2,4,5,7,4,NA,NA,NA,NA,NA,NA,NA,NA,NA,5,4,5,3,3,6,3,7,4,5,5,3,3,3,5,4,7,4,3,4,3,3,3,5,4,7,5,5,5,4,3,3,5,3,7,3,NA,NA,NA,NA,NA,NA,NA,NA,NA,5,4,3,3,5,4,3,7,3,5,4,5,3,2,5,3,4,3,5,4,3,2,2,5,3,7,5,5,6,6,3,3,5,3,7,3,"EASE2100",2,0,1,"5 years"
2,3,2,1,5,3,1,3,1,"21",2,1,3,1,5,1,2,3,1,2,1,2,1,5,1,1,5,1,1,1,2,1,3,1,2,3,1,2,3,3,1,2,5,3,2,1,NA,NA,NA,NA,NA,NA,NA,NA,NA,6,5,2,2,5,5,3,2,2,3,2,3,1,5,3,5,2,2,3,2,5,1,3,3,5,2,3,3,2,5,1,3,2,5,4,2,NA,NA,NA,NA,NA,NA,NA,NA,NA,5,4,4,1,3,4,5,5,3,3,3,5,1,3,3,5,4,3,3,2,3,1,3,5,5,4,3,6,5,5,3,4,5,6,5,2,"EASE2101",2,0,1,""
5,5,4,5,2,3,5,2,2,"33",3,5,3,5,2,4,6,2,2,3,4,3,4,2,3,5,4,4,4,3,3,5,3,3,5,3,3,3,4,3,4,3,3,5,4,4,NA,NA,NA,NA,NA,NA,NA,NA,NA,3,3,3,5,3,3,5,6,3,3,3,3,6,3,3,5,6,3,3,3,3,5,3,3,5,5,3,5,5,5,3,4,2,5,5,4,NA,NA,NA,NA,NA,NA,NA,NA,NA,5,5,4,5,4,3,5,5,4,6,6,5,5,4,3,5,5,4,6,6,5,5,4,3,5,6,4,4,4,4,5,4,4,5,5,3,"EASE2103",1,0,0,""
3,2,2,3,3,2,5,1,6,"27",3,2,3,3,5,3,5,3,5,3,1,3,3,5,3,5,3,6,3,2,3,3,5,3,5,3,6,3,2,2,3,6,2,5,2,6,NA,NA,NA,NA,NA,NA,NA,NA,NA,5,2,3,2,6,3,5,3,6,5,2,3,2,6,3,5,2,6,5,2,3,2,6,3,5,2,6,3,2,2,5,5,3,5,3,7,NA,NA,NA,NA,NA,NA,NA,NA,NA,3,1,3,5,6,3,6,3,7,3,1,3,5,5,3,5,2,7,3,1,3,5,5,3,6,2,7,3,2,3,5,5,3,5,3,6,"EASE2104",2,1,1,"Have been in therapy continuously since June of 2016"
5,5,4,3,6,2,5,5,2,"37",5,5,6,5,4,4,5,4,2,6,4,5,5,3,3,5,3,1,5,6,6,5,4,3,6,6,2,5,6,5,3,4,5,5,3,2,NA,NA,NA,NA,NA,NA,NA,NA,NA,6,6,6,4,5,5,5,5,2,6,6,7,6,6,6,6,6,2,5,5,6,5,4,5,5,3,2,6,6,5,3,4,5,5,4,2,NA,NA,NA,NA,NA,NA,NA,NA,NA,6,6,5,4,5,6,6,5,2,6,6,6,5,6,6,6,6,3,6,6,6,5,6,6,3,6,6,7,6,6,6,5,7,5,6,6,"EASE2105",1,1,1,"on and off over five years"
1,2,1,2,3,1,2,5,5,"22",NA,NA,NA,NA,NA,NA,NA,NA,NA,NA,NA,NA,NA,NA,NA,NA,NA,NA,NA,NA,NA,NA,NA,NA,NA,NA,NA,NA,NA,NA,NA,NA,NA,NA,NA,NA,3,2,2,3,5,3,3,4,3,NA,NA,NA,NA,NA,NA,NA,NA,NA,NA,NA,NA,NA,NA,NA,NA,NA,NA,NA,NA,NA,NA,NA,NA,NA,NA,NA,NA,NA,NA,NA,NA,NA,NA,NA,NA,3,3,3,5,3,2,3,4,3,NA,NA,NA,NA,NA,NA,NA,NA,NA,NA,NA,NA,NA,NA,NA,NA,NA,NA,NA,NA,NA,NA,NA,NA,NA,NA,NA,NA,NA,NA,NA,NA,NA,NA,NA,NA,"EASE2107",4,1,1,"currently"
5,5,3,4,3,3,5,4,3,"35",5,5,4,4,3,3,5,4,4,5,5,4,4,4,4,4,4,4,5,5,4,4,5,5,5,5,5,4,5,5,4,4,5,5,4,5,NA,NA,NA,NA,NA,NA,NA,NA,NA,6,6,6,5,5,6,7,5,7,6,6,6,6,6,7,7,4,5,6,6,6,6,6,6,6,6,6,6,6,6,6,5,5,7,5,5,NA,NA,NA,NA,NA,NA,NA,NA,NA,6,6,6,6,6,6,6,6,6,6,6,5,6,4,4,5,6,5,6,5,6,6,6,6,6,6,6,3,5,5,3,5,5,5,6,5,"EASE2108",2,0,1,"2 years"
6,6,7,6,4,5,6,3,6,"49",6,7,7,6,6,6,7,6,6,7,6,6,6,6,6,6,4,4,7,6,6,6,6,6,6,4,4,6,5,6,5,5,6,6,5,4,NA,NA,NA,NA,NA,NA,NA,NA,NA,7,6,6,6,6,6,6,6,6,7,6,6,6,6,6,6,6,6,7,6,6,6,6,6,6,6,6,6,6,6,7,6,6,6,5,6,NA,NA,NA,NA,NA,NA,NA,NA,NA,6,6,6,6,6,6,6,6,3,7,6,6,6,6,6,6,7,3,7,6,6,6,6,6,6,6,6,NA,NA,NA,NA,NA,NA,NA,NA,NA,"EASE2110",2,0,1,"~1 1/2 years ago"
3,3,5,4,6,2,6,6,5,"40",5,4,4,4,2,2,6,6,6,6,4,5,4,4,2,6,6,6,6,4,4,4,4,2,6,6,6,5,5,5,5,5,2,6,6,6,NA,NA,NA,NA,NA,NA,NA,NA,NA,5,3,5,5,5,2,6,6,6,5,5,5,6,5,2,6,6,6,5,5,5,5,5,2,6,5,5,5,5,5,6,6,2,6,6,6,NA,NA,NA,NA,NA,NA,NA,NA,NA,6,6,6,6,6,3,6,6,6,6,6,6,6,6,2,6,6,6,6,6,6,6,6,2,6,6,6,5,5,5,7,7,2,6,7,6,"EASE2111",1,1,1,"3 months ago"
3,3,2,2,1,3,5,3,5,"27",3,3,4,5,3,5,5,5,5,5,5,6,4,2,2,5,3,5,5,5,5,5,3,3,5,3,6,NA,NA,NA,NA,NA,NA,NA,NA,NA,NA,NA,NA,NA,NA,NA,NA,NA,NA,NA,NA,NA,NA,NA,NA,NA,NA,NA,NA,NA,NA,NA,NA,NA,NA,NA,NA,NA,NA,NA,NA,NA,NA,NA,NA,NA,NA,NA,NA,NA,NA,NA,NA,NA,NA,NA,NA,NA,NA,NA,NA,NA,NA,NA,NA,NA,NA,NA,NA,NA,NA,NA,NA,NA,NA,NA,NA,NA,NA,NA,NA,NA,NA,NA,NA,NA,NA,NA,NA,NA,NA,NA,NA,NA,NA,NA,NA,NA,NA,NA,"EASE2113",3,1,1,"Occasionally  when it did not interfere with my job in the military"
3,3,4,2,1,3,5,4,6,"31",3,4,3,3,2,4,3,3,5,2,3,3,3,2,2,3,3,4,3,3,3,2,2,3,3,3,5,2,3,3,2,2,3,1,2,2,NA,NA,NA,NA,NA,NA,NA,NA,NA,3,3,3,2,2,3,1,3,3,3,3,3,2,2,2,2,3,3,3,3,3,2,2,2,2,3,2,5,3,3,5,2,3,2,4,3,NA,NA,NA,NA,NA,NA,NA,NA,NA,5,3,3,3,2,3,2,3,2,5,3,3,3,2,3,2,3,2,5,3,3,3,2,3,2,3,2,5,5,5,6,6,5,5,6,5,"EASE2114",2,1,1,"1 month ago, normally go every two weeks"
1,1,1,1,7,1,4,1,2,"19",NA,NA,NA,NA,NA,NA,NA,NA,NA,NA,NA,NA,NA,NA,NA,NA,NA,NA,NA,NA,NA,NA,NA,NA,NA,NA,NA,NA,NA,NA,NA,NA,NA,NA,NA,NA,4,5,5,6,7,3,5,2,5,NA,NA,NA,NA,NA,NA,NA,NA,NA,NA,NA,NA,NA,NA,NA,NA,NA,NA,NA,NA,NA,NA,NA,NA,NA,NA,NA,NA,NA,NA,NA,NA,NA,NA,NA,NA,3,4,2,2,4,4,5,1,5,NA,NA,NA,NA,NA,NA,NA,NA,NA,NA,NA,NA,NA,NA,NA,NA,NA,NA,NA,NA,NA,NA,NA,NA,NA,NA,NA,3,2,2,3,2,6,5,2,3,"EASE2115",4,1,1,"more than two years"
6,2,6,6,2,5,2,3,1,"33",NA,NA,NA,NA,NA,NA,NA,NA,NA,NA,NA,NA,NA,NA,NA,NA,NA,NA,NA,NA,NA,NA,NA,NA,NA,NA,NA,NA,NA,NA,NA,NA,NA,NA,NA,NA,3,5,5,2,2,3,1,1,1,NA,NA,NA,NA,NA,NA,NA,NA,NA,NA,NA,NA,NA,NA,NA,NA,NA,NA,NA,NA,NA,NA,NA,NA,NA,NA,NA,NA,NA,NA,NA,NA,NA,NA,NA,NA,3,2,6,5,5,5,1,5,1,NA,NA,NA,NA,NA,NA,NA,NA,NA,NA,NA,NA,NA,NA,NA,NA,NA,NA,NA,NA,NA,NA,NA,NA,NA,NA,NA,5,3,5,3,7,7,7,5,1,"EASE2118",4,0,1,"two years"
6,6,6,6,5,6,7,7,7,"56",6,6,5,6,5,5,7,6,7,5,5,5,5,5,5,6,6,7,6,5,5,5,5,5,6,5,7,NA,NA,NA,NA,NA,NA,NA,NA,NA,NA,NA,NA,NA,NA,NA,NA,NA,NA,NA,NA,NA,NA,NA,NA,NA,NA,NA,NA,NA,NA,NA,NA,NA,NA,NA,NA,NA,NA,NA,NA,NA,NA,NA,NA,NA,NA,NA,NA,NA,NA,NA,NA,NA,NA,NA,NA,NA,NA,NA,NA,NA,NA,NA,NA,NA,NA,NA,NA,NA,NA,NA,NA,NA,NA,NA,NA,NA,NA,NA,NA,NA,NA,NA,NA,NA,NA,NA,NA,NA,NA,NA,NA,NA,NA,NA,NA,NA,NA,NA,"EASE2120",1,1,1,"Today"
2,3,5,4,3,3,6,2,4,"32",5,5,7,6,5,5,5,5,5,6,6,7,6,6,6,6,6,6,6,6,7,6,6,6,6,6,6,4,5,6,5,3,3,5,4,3,NA,NA,NA,NA,NA,NA,NA,NA,NA,6,5,6,6,6,5,6,6,6,6,6,6,6,6,6,6,6,6,6,6,6,6,6,6,6,6,6,6,5,6,6,5,6,6,5,6,NA,NA,NA,NA,NA,NA,NA,NA,NA,6,6,6,6,6,6,6,6,6,6,6,6,6,6,6,6,6,6,6,6,6,6,6,6,6,6,6,6,6,6,6,6,7,6,6,6,"EASE2121",2,1,0,""
3,5,5,5,5,6,5,5,7,"46",6,6,5,6,7,7,7,5,7,6,6,6,7,7,6,7,6,7,6,6,6,7,7,7,7,6,7,5,5,5,5,6,6,7,5,7,NA,NA,NA,NA,NA,NA,NA,NA,NA,5,5,5,6,5,6,7,6,7,6,7,6,6,6,7,7,6,7,6,6,6,7,7,7,7,7,7,5,6,5,6,6,6,7,6,7,NA,NA,NA,NA,NA,NA,NA,NA,NA,5,5,3,5,5,6,7,6,7,5,6,3,5,5,6,7,6,7,5,6,5,6,6,6,7,7,7,5,5,3,7,5,5,5,6,6,"EASE2122",1,1,1,"i started seeing one when I was 16, on and off. I started again after I was assaulted in Sept of 2017."
7,7,7,7,7,7,7,7,7,"63",1,1,1,1,1,1,1,1,1,7,7,7,7,7,7,7,7,7,1,1,1,1,1,1,1,1,1,7,7,7,7,6,7,7,7,6,NA,NA,NA,NA,NA,NA,NA,NA,NA,1,1,1,1,1,1,1,1,6,1,1,1,1,1,1,1,1,1,1,1,1,1,1,1,1,1,1,7,7,7,7,7,7,7,7,7,NA,NA,NA,NA,NA,NA,NA,NA,NA,1,1,1,1,1,1,1,1,1,1,1,1,1,1,1,1,1,1,1,1,1,1,1,1,1,1,1,7,7,7,6,6,7,6,6,6,"EASE2123",2,0,0,""
5,5,6,6,6,6,7,4,4,"49",6,5,7,7,6,6,7,7,6,6,5,6,7,6,6,7,6,5,6,6,6,6,6,6,6,6,6,NA,NA,NA,NA,NA,NA,NA,NA,NA,NA,NA,NA,NA,NA,NA,NA,NA,NA,NA,NA,NA,NA,NA,NA,NA,NA,NA,NA,NA,NA,NA,NA,NA,NA,NA,NA,NA,NA,NA,NA,NA,NA,NA,NA,NA,NA,NA,NA,NA,NA,NA,NA,NA,NA,NA,NA,NA,NA,NA,NA,NA,NA,NA,NA,NA,NA,NA,NA,NA,NA,NA,NA,NA,NA,NA,NA,NA,NA,NA,NA,NA,NA,NA,NA,NA,NA,NA,NA,NA,NA,NA,NA,NA,NA,NA,NA,NA,NA,NA,"EASE2124",2,0,1,"over 10 years ago"
5,5,5,6,6,5,5,5,6,"48",5,5,6,7,7,6,7,7,7,6,5,6,7,6,6,7,5,7,6,6,6,7,6,6,7,6,7,5,5,6,6,6,5,6,6,6,NA,NA,NA,NA,NA,NA,NA,NA,NA,6,5,6,6,6,6,6,5,5,5,5,6,7,7,7,7,4,6,6,6,7,7,7,7,7,5,7,6,6,7,7,7,7,7,7,7,NA,NA,NA,NA,NA,NA,NA,NA,NA,6,6,7,7,7,7,7,4,7,6,6,7,7,7,6,7,6,7,6,6,7,7,7,7,7,7,7,NA,NA,NA,NA,NA,NA,NA,NA,NA,"EASE2126",3,1,1,"Have been seeing a VA therapist for a few years."
6,2,5,5,6,5,6,2,5,"42",5,3,2,4,5,2,5,2,6,5,3,3,4,3,2,5,3,6,5,3,3,4,3,2,5,3,6,6,5,5,5,5,5,7,5,7,NA,NA,NA,NA,NA,NA,NA,NA,NA,6,5,5,4,4,5,7,5,7,6,5,5,4,5,5,7,5,7,6,5,5,4,5,5,7,5,7,6,5,5,4,5,5,7,5,7,NA,NA,NA,NA,NA,NA,NA,NA,NA,6,5,5,4,5,5,7,5,7,6,5,5,4,5,5,7,5,7,6,5,5,4,5,5,5,5,7,6,6,6,6,6,6,6,6,6,"EASE2127",1,1,1,"1 week"
2,2,2,2,1,2,4,1,4,"20",2,2,2,1,2,2,5,1,6,3,5,5,3,5,3,3,3,5,3,3,3,2,3,2,5,3,5,1,2,1,1,1,2,3,2,5,NA,NA,NA,NA,NA,NA,NA,NA,NA,2,2,2,1,1,1,5,2,5,2,3,2,1,3,3,5,3,5,2,2,2,2,3,2,5,3,5,NA,NA,NA,NA,NA,NA,NA,NA,NA,NA,NA,NA,NA,NA,NA,NA,NA,NA,NA,NA,NA,NA,NA,NA,NA,NA,NA,NA,NA,NA,NA,NA,NA,NA,NA,NA,NA,NA,NA,NA,NA,NA,NA,NA,NA,NA,NA,NA,NA,NA,NA,NA,NA,NA,"EASE2128",1,0,1,"I have doctors through the VA"
5,5,5,6,5,5,4,5,5,"45",5,5,5,5,6,5,4,5,6,3,2,5,2,3,3,3,2,6,5,4,5,5,4,4,3,5,6,NA,NA,NA,NA,NA,NA,NA,NA,NA,NA,NA,NA,NA,NA,NA,NA,NA,NA,NA,NA,NA,NA,NA,NA,NA,NA,NA,NA,NA,NA,NA,NA,NA,NA,NA,NA,NA,NA,NA,NA,NA,NA,NA,NA,NA,NA,NA,NA,NA,NA,NA,NA,NA,NA,NA,NA,NA,NA,NA,NA,NA,NA,NA,NA,NA,NA,NA,NA,NA,NA,NA,NA,NA,NA,NA,NA,NA,NA,NA,NA,NA,NA,NA,NA,NA,NA,NA,NA,NA,NA,NA,NA,NA,NA,NA,NA,NA,NA,NA,"EASE2130",3,1,1,"Yesterday/6/20/2019"
4,2,4,3,3,3,6,6,2,"33",4,4,6,5,6,5,7,5,2,5,4,5,4,6,6,6,3,4,4,3,4,3,7,5,6,5,3,NA,NA,NA,NA,NA,NA,NA,NA,NA,NA,NA,NA,NA,NA,NA,NA,NA,NA,NA,NA,NA,NA,NA,NA,NA,NA,NA,NA,NA,NA,NA,NA,NA,NA,NA,NA,NA,NA,NA,NA,NA,NA,NA,NA,NA,NA,NA,NA,NA,NA,NA,NA,NA,NA,NA,NA,NA,NA,NA,NA,NA,NA,NA,NA,NA,NA,NA,NA,NA,NA,NA,NA,NA,NA,NA,NA,NA,NA,NA,NA,NA,NA,NA,NA,NA,NA,NA,NA,NA,NA,NA,NA,NA,NA,NA,NA,NA,NA,NA,"EASE2131",2,0,1,"2012"
4,4,4,4,4,4,4,4,4,"36",4,4,4,4,4,4,4,4,4,4,4,4,4,4,4,4,4,4,4,4,4,4,4,4,4,4,4,5,6,6,6,6,6,6,5,4,NA,NA,NA,NA,NA,NA,NA,NA,NA,6,6,5,5,5,5,5,5,5,6,6,6,4,5,6,5,5,5,5,5,5,5,5,6,5,5,5,6,6,6,6,6,6,5,5,5,NA,NA,NA,NA,NA,NA,NA,NA,NA,6,6,6,6,6,6,5,5,5,6,6,6,6,6,6,5,5,5,6,6,6,6,6,6,5,5,5,6,6,6,6,6,6,6,6,6,"EASE2132",2,0,1,"2 years"
6,7,6,7,4,3,6,3,2,"44",4,6,3,6,5,4,6,5,3,6,6,6,6,3,3,6,5,3,6,6,5,7,4,4,5,4,4,6,6,6,6,3,4,6,5,3,NA,NA,NA,NA,NA,NA,NA,NA,NA,5,5,5,6,3,3,6,5,4,5,5,6,5,2,3,6,5,5,6,5,5,6,2,2,6,3,5,5,5,6,6,3,5,6,6,3,NA,NA,NA,NA,NA,NA,NA,NA,NA,3,5,5,6,3,3,5,5,5,3,3,5,6,3,3,5,6,5,3,3,5,6,2,2,5,6,5,5,6,5,6,5,5,6,5,5,"EASE2133",3,0,1,"7 months"
7,7,7,4,7,7,7,7,7,"60",NA,NA,NA,NA,NA,NA,NA,NA,NA,NA,NA,NA,NA,NA,NA,NA,NA,NA,NA,NA,NA,NA,NA,NA,NA,NA,NA,NA,NA,NA,NA,NA,NA,NA,NA,NA,3,4,5,2,1,1,2,2,1,NA,NA,NA,NA,NA,NA,NA,NA,NA,NA,NA,NA,NA,NA,NA,NA,NA,NA,NA,NA,NA,NA,NA,NA,NA,NA,NA,NA,NA,NA,NA,NA,NA,NA,NA,NA,5,4,4,4,6,7,6,7,7,NA,NA,NA,NA,NA,NA,NA,NA,NA,NA,NA,NA,NA,NA,NA,NA,NA,NA,NA,NA,NA,NA,NA,NA,NA,NA,NA,3,3,4,5,5,6,6,6,7,"EASE2134",4,1,1,"1 year"
6,5,6,7,3,6,7,5,7,"52",3,3,5,5,5,6,7,3,7,5,3,5,5,6,6,7,6,7,5,4,6,5,6,6,7,5,7,NA,NA,NA,NA,NA,NA,NA,NA,NA,NA,NA,NA,NA,NA,NA,NA,NA,NA,NA,NA,NA,NA,NA,NA,NA,NA,NA,NA,NA,NA,NA,NA,NA,NA,NA,NA,NA,NA,NA,NA,NA,NA,NA,NA,NA,NA,NA,NA,NA,NA,NA,NA,NA,NA,NA,NA,NA,NA,NA,NA,NA,NA,NA,NA,NA,NA,NA,NA,NA,NA,NA,NA,NA,NA,NA,NA,NA,NA,NA,NA,NA,NA,NA,NA,NA,NA,NA,NA,NA,NA,NA,NA,NA,NA,NA,NA,NA,NA,NA,"EASE2136",2,1,1,"yesterday"
3,1,4,5,2,1,5,1,6,"28",NA,NA,NA,NA,NA,NA,NA,NA,NA,NA,NA,NA,NA,NA,NA,NA,NA,NA,NA,NA,NA,NA,NA,NA,NA,NA,NA,NA,NA,NA,NA,NA,NA,NA,NA,NA,3,1,3,2,1,1,5,1,4,NA,NA,NA,NA,NA,NA,NA,NA,NA,NA,NA,NA,NA,NA,NA,NA,NA,NA,NA,NA,NA,NA,NA,NA,NA,NA,NA,NA,NA,NA,NA,NA,NA,NA,NA,NA,3,1,5,4,1,1,5,2,4,NA,NA,NA,NA,NA,NA,NA,NA,NA,NA,NA,NA,NA,NA,NA,NA,NA,NA,NA,NA,NA,NA,NA,NA,NA,NA,NA,2,1,2,2,2,2,5,2,3,"EASE2137",4,1,1,"3 days ago"
3,2,3,2,2,2,3,2,5,"24",NA,NA,NA,NA,NA,NA,NA,NA,NA,NA,NA,NA,NA,NA,NA,NA,NA,NA,NA,NA,NA,NA,NA,NA,NA,NA,NA,NA,NA,NA,NA,NA,NA,NA,NA,NA,3,3,2,3,3,2,3,2,5,NA,NA,NA,NA,NA,NA,NA,NA,NA,NA,NA,NA,NA,NA,NA,NA,NA,NA,NA,NA,NA,NA,NA,NA,NA,NA,NA,NA,NA,NA,NA,NA,NA,NA,NA,NA,2,3,3,1,3,3,5,2,6,NA,NA,NA,NA,NA,NA,NA,NA,NA,NA,NA,NA,NA,NA,NA,NA,NA,NA,NA,NA,NA,NA,NA,NA,NA,NA,NA,NA,NA,NA,NA,NA,NA,NA,NA,NA,"EASE2141",4,1,1,"weekly friday 7/5"
5,6,5,3,5,6,5,3,5,"43",6,6,6,7,6,6,5,6,5,6,6,6,6,6,6,5,6,5,6,7,6,7,6,6,7,6,5,5,5,6,7,6,6,5,5,5,NA,NA,NA,NA,NA,NA,NA,NA,NA,5,6,6,6,6,5,5,5,5,5,5,6,5,5,6,6,5,5,6,5,6,6,6,5,6,5,6,6,7,6,6,6,6,7,7,6,NA,NA,NA,NA,NA,NA,NA,NA,NA,6,6,5,6,6,7,6,7,6,6,7,6,7,7,6,7,6,7,6,7,7,6,7,6,7,6,7,NA,NA,NA,NA,NA,NA,NA,NA,NA,"EASE2143",3,0,0,""
3,3,4,4,2,3,4,5,5,"33",4,3,3,3,3,4,3,4,3,4,4,4,4,4,4,4,4,4,5,5,5,5,6,6,6,6,6,NA,NA,NA,NA,NA,NA,NA,NA,NA,NA,NA,NA,NA,NA,NA,NA,NA,NA,NA,NA,NA,NA,NA,NA,NA,NA,NA,NA,NA,NA,NA,NA,NA,NA,NA,NA,NA,NA,NA,NA,NA,NA,NA,NA,NA,NA,NA,NA,NA,NA,NA,NA,NA,NA,NA,NA,NA,NA,NA,NA,NA,NA,NA,NA,NA,NA,NA,NA,NA,NA,NA,NA,NA,NA,NA,NA,NA,NA,NA,NA,NA,NA,NA,NA,NA,NA,NA,NA,NA,NA,NA,NA,NA,NA,NA,NA,NA,NA,NA,"EASE2145",3,0,1,"1yr"
1,5,1,1,1,2,2,1,1,"15",7,7,3,2,2,5,5,2,7,7,7,3,2,6,5,6,1,7,7,7,5,2,5,5,6,2,6,NA,NA,NA,NA,NA,NA,NA,NA,NA,NA,NA,NA,NA,NA,NA,NA,NA,NA,NA,NA,NA,NA,NA,NA,NA,NA,NA,NA,NA,NA,NA,NA,NA,NA,NA,NA,NA,NA,NA,NA,NA,NA,NA,NA,NA,NA,NA,NA,NA,NA,NA,NA,NA,NA,NA,NA,NA,NA,NA,NA,NA,NA,NA,NA,NA,NA,NA,NA,NA,NA,NA,NA,NA,NA,NA,NA,NA,NA,NA,NA,NA,NA,NA,NA,NA,NA,NA,NA,NA,NA,NA,NA,NA,NA,NA,NA,NA,NA,NA,"EASE2147",2,1,1,"ongoing for 6 years"
5,5,5,3,2,2,2,2,1,"27",NA,NA,NA,NA,NA,NA,NA,NA,NA,NA,NA,NA,NA,NA,NA,NA,NA,NA,NA,NA,NA,NA,NA,NA,NA,NA,NA,NA,NA,NA,NA,NA,NA,NA,NA,NA,5,5,5,3,3,6,2,3,2,NA,NA,NA,NA,NA,NA,NA,NA,NA,NA,NA,NA,NA,NA,NA,NA,NA,NA,NA,NA,NA,NA,NA,NA,NA,NA,NA,NA,NA,NA,NA,NA,NA,NA,NA,NA,5,5,4,6,3,4,2,3,1,NA,NA,NA,NA,NA,NA,NA,NA,NA,NA,NA,NA,NA,NA,NA,NA,NA,NA,NA,NA,NA,NA,NA,NA,NA,NA,NA,NA,NA,NA,NA,NA,NA,NA,NA,NA,"EASE2148",4,0,1,"9 years ago"
4,3,3,3,3,2,5,2,2,"27",3,3,3,4,3,3,5,3,2,3,3,4,4,3,3,3,3,3,3,3,5,5,3,3,5,3,3,3,3,3,4,2,3,6,3,2,NA,NA,NA,NA,NA,NA,NA,NA,NA,3,3,3,3,3,3,4,3,4,3,3,3,4,3,3,5,3,3,3,3,3,4,3,3,5,4,3,3,3,3,4,3,3,5,3,3,NA,NA,NA,NA,NA,NA,NA,NA,NA,3,3,3,4,3,3,5,3,3,3,3,3,4,3,3,5,3,3,3,3,3,4,3,3,5,3,3,NA,NA,NA,NA,NA,NA,NA,NA,NA,"EASE2152",2,1,1,"5 years"
3,3,3,2,1,3,7,4,1,"27",NA,NA,NA,NA,NA,NA,NA,NA,NA,NA,NA,NA,NA,NA,NA,NA,NA,NA,NA,NA,NA,NA,NA,NA,NA,NA,NA,NA,NA,NA,NA,NA,NA,NA,NA,NA,2,3,4,3,1,2,5,3,2,NA,NA,NA,NA,NA,NA,NA,NA,NA,NA,NA,NA,NA,NA,NA,NA,NA,NA,NA,NA,NA,NA,NA,NA,NA,NA,NA,NA,NA,NA,NA,NA,NA,NA,NA,NA,3,3,3,4,5,3,7,5,1,NA,NA,NA,NA,NA,NA,NA,NA,NA,NA,NA,NA,NA,NA,NA,NA,NA,NA,NA,NA,NA,NA,NA,NA,NA,NA,NA,NA,NA,NA,NA,NA,NA,NA,NA,NA,"EASE2153",4,1,1,"Have been seeing counsleors for over a year now."
6,6,7,4,7,6,4,4,3,"47",NA,NA,NA,NA,NA,NA,NA,NA,NA,NA,NA,NA,NA,NA,NA,NA,NA,NA,NA,NA,NA,NA,NA,NA,NA,NA,NA,NA,NA,NA,NA,NA,NA,NA,NA,NA,6,6,7,5,7,4,4,5,2,NA,NA,NA,NA,NA,NA,NA,NA,NA,NA,NA,NA,NA,NA,NA,NA,NA,NA,NA,NA,NA,NA,NA,NA,NA,NA,NA,NA,NA,NA,NA,NA,NA,NA,NA,NA,6,5,6,5,7,5,4,4,4,NA,NA,NA,NA,NA,NA,NA,NA,NA,NA,NA,NA,NA,NA,NA,NA,NA,NA,NA,NA,NA,NA,NA,NA,NA,NA,NA,NA,NA,NA,NA,NA,NA,NA,NA,NA,"EASE2155",4,0,1,"4 years ago"
6,5,6,4,2,4,5,5,4,"41",NA,NA,NA,NA,NA,NA,NA,NA,NA,NA,NA,NA,NA,NA,NA,NA,NA,NA,NA,NA,NA,NA,NA,NA,NA,NA,NA,NA,NA,NA,NA,NA,NA,NA,NA,NA,6,5,6,4,3,2,5,3,4,NA,NA,NA,NA,NA,NA,NA,NA,NA,NA,NA,NA,NA,NA,NA,NA,NA,NA,NA,NA,NA,NA,NA,NA,NA,NA,NA,NA,NA,NA,NA,NA,NA,NA,NA,NA,5,5,4,5,2,5,6,3,4,NA,NA,NA,NA,NA,NA,NA,NA,NA,NA,NA,NA,NA,NA,NA,NA,NA,NA,NA,NA,NA,NA,NA,NA,NA,NA,NA,NA,NA,NA,NA,NA,NA,NA,NA,NA,"EASE2156",4,1,1,"1 MONTH PRIOR"
4,4,4,2,7,7,7,4,4,"43",4,4,6,2,7,6,6,7,7,4,4,7,2,7,6,7,7,7,4,4,7,2,7,7,7,7,7,NA,NA,NA,NA,NA,NA,NA,NA,NA,NA,NA,NA,NA,NA,NA,NA,NA,NA,NA,NA,NA,NA,NA,NA,NA,NA,NA,NA,NA,NA,NA,NA,NA,NA,NA,NA,NA,NA,NA,NA,NA,NA,NA,NA,NA,NA,NA,NA,NA,NA,NA,NA,NA,NA,NA,NA,NA,NA,NA,NA,NA,NA,NA,NA,NA,NA,NA,NA,NA,NA,NA,NA,NA,NA,NA,NA,NA,NA,NA,NA,NA,NA,NA,NA,NA,NA,NA,NA,NA,NA,NA,NA,NA,NA,NA,NA,NA,NA,NA,"EASE2158",1,1,1,"3 months ago"
3,3,2,3,2,3,3,2,3,"24",5,5,3,5,5,5,6,5,6,5,4,3,3,3,4,5,3,5,5,5,3,3,5,5,6,4,6,5,6,3,5,3,5,6,3,6,NA,NA,NA,NA,NA,NA,NA,NA,NA,6,6,5,5,5,6,6,5,6,5,5,5,5,5,6,6,5,6,5,6,5,5,5,5,6,5,6,5,6,5,6,6,6,7,5,6,NA,NA,NA,NA,NA,NA,NA,NA,NA,6,7,5,6,6,6,7,5,7,6,6,6,5,6,6,7,6,7,6,6,6,5,6,6,6,6,6,NA,NA,NA,NA,NA,NA,NA,NA,NA,"EASE2161",3,1,1,"4 years"
7,7,7,7,7,7,7,7,7,"63",7,7,7,7,7,7,7,7,7,7,7,7,6,7,7,7,6,7,6,6,6,6,6,6,6,6,6,7,7,7,7,7,7,7,7,7,NA,NA,NA,NA,NA,NA,NA,NA,NA,7,7,7,7,7,7,7,7,7,7,6,6,7,7,7,7,7,7,7,7,7,6,7,7,7,7,7,7,7,7,7,7,7,7,7,7,NA,NA,NA,NA,NA,NA,NA,NA,NA,7,7,7,7,7,7,7,7,7,7,7,7,6,7,7,7,7,7,7,7,7,7,7,7,7,7,7,NA,NA,NA,NA,NA,NA,NA,NA,NA,"EASE2162",1,0,1,"2006"
5,3,2,5,3,4,5,5,6,"38",3,3,3,5,3,3,5,2,3,3,3,3,5,2,3,5,3,5,3,3,3,5,3,5,5,4,5,3,4,3,4,2,5,6,4,5,NA,NA,NA,NA,NA,NA,NA,NA,NA,3,4,5,3,3,4,5,4,5,5,4,3,4,3,4,5,4,5,3,4,3,3,2,4,5,4,5,NA,NA,NA,NA,NA,NA,NA,NA,NA,NA,NA,NA,NA,NA,NA,NA,NA,NA,NA,NA,NA,NA,NA,NA,NA,NA,NA,NA,NA,NA,NA,NA,NA,NA,NA,NA,NA,NA,NA,NA,NA,NA,NA,NA,NA,NA,NA,NA,NA,NA,NA,NA,NA,NA,"EASE2163",2,0,1,"it was a 18 months ago"
3,3,2,5,6,2,5,3,1,"30",2,3,2,6,7,3,5,6,1,3,3,3,5,7,3,5,6,3,3,3,3,6,7,3,5,5,5,5,5,3,6,7,3,5,7,3,NA,NA,NA,NA,NA,NA,NA,NA,NA,3,5,3,6,7,5,5,6,3,3,5,3,6,7,5,5,6,3,3,5,3,5,7,5,5,6,6,5,5,3,6,7,3,5,5,5,NA,NA,NA,NA,NA,NA,NA,NA,NA,5,5,3,6,7,3,5,6,5,5,5,3,6,7,3,5,6,5,5,5,3,5,7,3,6,6,5,NA,NA,NA,NA,NA,NA,NA,NA,NA,"EASE2165",1,0,0,""
5,1,1,1,1,5,5,1,7,"27",5,5,5,5,5,5,5,5,5,6,6,6,6,6,6,6,6,6,6,6,6,6,6,6,6,6,6,7,7,7,7,7,7,7,1,7,NA,NA,NA,NA,NA,NA,NA,NA,NA,6,6,6,6,6,6,6,1,6,7,7,7,7,7,7,7,1,7,7,7,7,7,7,7,7,1,7,7,7,7,7,7,7,7,1,7,NA,NA,NA,NA,NA,NA,NA,NA,NA,7,7,7,7,7,7,7,1,7,7,7,7,7,7,7,7,1,7,7,7,7,7,7,7,7,1,7,NA,NA,NA,NA,NA,NA,NA,NA,NA,"EASE2167",1,0,1,"2006"
5,5,4,3,6,4,7,7,4,"45",4,5,5,3,3,4,6,4,2,5,4,5,5,6,4,4,4,4,6,5,6,4,6,5,7,5,7,5,5,6,3,5,4,4,4,2,NA,NA,NA,NA,NA,NA,NA,NA,NA,6,7,6,7,6,7,6,6,1,6,7,7,7,7,7,1,6,1,6,6,6,6,6,7,1,6,4,6,6,6,6,6,6,4,6,4,NA,NA,NA,NA,NA,NA,NA,NA,NA,6,6,5,6,6,4,4,6,6,5,6,6,7,6,5,6,5,4,6,6,6,6,7,7,4,4,5,NA,NA,NA,NA,NA,NA,NA,NA,NA,"EASE2169",3,0,0,""
5,5,5,5,5,5,6,6,6,"48",5,6,5,4,6,5,6,5,6,5,6,6,5,6,6,6,5,6,5,5,5,5,6,6,6,5,6,5,6,5,5,5,5,5,5,5,NA,NA,NA,NA,NA,NA,NA,NA,NA,5,6,5,5,5,5,6,5,6,6,6,6,6,6,6,6,6,6,6,6,6,6,6,6,6,6,6,6,6,6,6,6,6,6,6,6,NA,NA,NA,NA,NA,NA,NA,NA,NA,6,6,6,6,6,6,6,6,6,6,6,6,6,6,6,6,6,6,6,6,6,6,6,6,6,6,6,NA,NA,NA,NA,NA,NA,NA,NA,NA,"EASE2170",2,1,1,"3 days ago"
2,2,2,2,2,3,6,3,6,"28",5,5,4,4,5,5,5,4,5,6,5,4,4,6,6,6,4,6,6,4,4,4,6,6,6,6,6,NA,NA,NA,NA,NA,NA,NA,NA,NA,NA,NA,NA,NA,NA,NA,NA,NA,NA,NA,NA,NA,NA,NA,NA,NA,NA,NA,NA,NA,NA,NA,NA,NA,NA,NA,NA,NA,NA,NA,NA,NA,NA,NA,NA,NA,NA,NA,NA,NA,NA,NA,NA,NA,NA,NA,NA,NA,NA,NA,NA,NA,NA,NA,NA,NA,NA,NA,NA,NA,NA,NA,NA,NA,NA,NA,NA,NA,NA,NA,NA,NA,NA,NA,NA,NA,NA,NA,NA,NA,NA,NA,NA,NA,NA,NA,NA,NA,NA,NA,"EASE2171",3,0,1,"1 year"
6,6,6,5,7,7,7,7,6,"57",6,5,6,5,6,7,6,6,6,6,5,5,6,6,7,6,6,5,5,5,5,6,6,7,6,6,5,6,6,6,7,7,7,7,7,6,NA,NA,NA,NA,NA,NA,NA,NA,NA,6,5,6,7,7,7,6,6,5,5,5,6,6,7,6,5,6,6,5,5,5,6,6,6,6,6,3,5,5,5,5,6,6,5,6,3,NA,NA,NA,NA,NA,NA,NA,NA,NA,3,5,4,3,6,6,6,6,3,3,5,5,6,6,6,6,5,7,5,6,3,5,6,6,6,6,3,NA,NA,NA,NA,NA,NA,NA,NA,NA,"EASE2172",1,1,1,"I saw a psychiatrist until he retired in 2018 and now see a psychiatric nurse practitioner; both for meds.  Saw a LCSW for several years for talk therapy, until about 5 to 7 years ago."
6,5,6,3,6,6,7,6,7,"52",6,5,5,5,7,6,7,6,6,7,4,5,4,6,6,7,5,6,7,4,6,4,6,6,7,6,6,6,5,5,5,7,6,7,5,6,NA,NA,NA,NA,NA,NA,NA,NA,NA,6,4,6,5,7,6,7,5,6,6,4,5,5,7,6,7,5,6,6,4,5,5,7,6,7,5,6,7,4,6,6,7,6,7,6,6,NA,NA,NA,NA,NA,NA,NA,NA,NA,6,4,6,5,7,6,7,6,6,6,4,6,5,7,6,7,6,6,6,4,6,5,7,6,7,6,6,NA,NA,NA,NA,NA,NA,NA,NA,NA,"EASE2174",2,0,1,"May- August 2018"
4,3,3,4,6,6,6,5,6,"43",35,36,36,36,37,36,36,36,37,6,6,6,6,6,6,7,6,6,6,6,6,6,6,7,7,6,6,5,5,5,5,6,6,6,6,6,NA,NA,NA,NA,NA,NA,NA,NA,NA,5,5,5,1,6,6,6,5,5,3,3,2,2,4,6,6,2,3,5,5,5,2,4,6,6,5,4,5,5,5,5,6,6,6,5,5,NA,NA,NA,NA,NA,NA,NA,NA,NA,5,4,4,3,5,6,5,3,3,6,5,5,5,6,6,6,6,4,5,5,5,5,6,6,6,6,5,NA,NA,NA,NA,NA,NA,NA,NA,NA,"EASE2175",1,0,1,"4 years or more"
6,6,7,2,2,6,6,3,7,"45",36,36,35,34,35,36,37,33,37,6,6,5,3,5,7,7,2,7,6,6,6,4,6,7,7,4,7,6,5,5,4,5,6,5,5,5,NA,NA,NA,NA,NA,NA,NA,NA,NA,6,6,5,5,5,6,5,5,6,6,6,5,4,4,6,5,4,6,6,6,5,4,5,6,5,4,6,6,5,5,4,5,6,5,4,5,NA,NA,NA,NA,NA,NA,NA,NA,NA,6,5,5,4,6,7,6,4,7,5,5,4,4,5,6,5,4,6,5,5,5,4,6,6,5,4,7,NA,NA,NA,NA,NA,NA,NA,NA,NA,"EASE2176",2,1,1,"From 6 months to a few years, depending on trauma."
2,3,3,2,1,3,7,2,4,"27",NA,NA,NA,NA,NA,NA,NA,NA,NA,NA,NA,NA,NA,NA,NA,NA,NA,NA,NA,NA,NA,NA,NA,NA,NA,NA,NA,NA,NA,NA,NA,NA,NA,NA,NA,NA,5,2,4,2,1,4,7,2,5,NA,NA,NA,NA,NA,NA,NA,NA,NA,NA,NA,NA,NA,NA,NA,NA,NA,NA,NA,NA,NA,NA,NA,NA,NA,NA,NA,NA,NA,NA,NA,NA,NA,NA,NA,NA,3,3,3,3,1,3,6,1,3,NA,NA,NA,NA,NA,NA,NA,NA,NA,NA,NA,NA,NA,NA,NA,NA,NA,NA,NA,NA,NA,NA,NA,NA,NA,NA,NA,NA,NA,NA,NA,NA,NA,NA,NA,NA,"EASE2177",4,1,1,"I've been seeing one for the past year or so, and several more times throughout the course of my life."
5,6,6,3,4,5,3,3,5,"40",36,36,36,35,35,35,35,36,35,6,6,6,5,5,5,6,5,5,6,6,6,5,5,6,5,5,5,5,5,5,3,3,4,3,3,3,NA,NA,NA,NA,NA,NA,NA,NA,NA,6,6,6,5,4,5,4,5,5,5,5,6,5,3,5,4,4,4,6,6,6,5,4,5,5,5,5,6,5,6,5,4,5,4,4,5,NA,NA,NA,NA,NA,NA,NA,NA,NA,6,5,6,5,4,5,5,6,5,6,5,6,5,4,5,4,5,4,6,5,6,5,5,5,5,5,5,NA,NA,NA,NA,NA,NA,NA,NA,NA,"EASE2178",1,0,1,"4 months"
5,2,3,4,1,2,3,5,5,"30",33,32,34,35,32,33,32,35,36,3,2,3,5,2,3,2,6,6,3,2,3,6,2,3,3,6,6,5,2,3,5,3,2,3,6,5,NA,NA,NA,NA,NA,NA,NA,NA,NA,3,2,3,6,5,2,3,6,5,2,2,3,6,5,3,3,5,6,2,2,2,6,5,3,3,5,6,2,2,3,6,3,3,3,6,5,NA,NA,NA,NA,NA,NA,NA,NA,NA,2,2,3,6,3,2,3,6,6,2,2,3,6,3,2,3,6,5,2,2,3,6,3,2,3,6,5,NA,NA,NA,NA,NA,NA,NA,NA,NA,"EASE2182",2,0,1,"couple months ago"
6,6,5,6,3,4,4,6,6,"46",NA,NA,NA,NA,NA,NA,NA,NA,NA,NA,NA,NA,NA,NA,NA,NA,NA,NA,NA,NA,NA,NA,NA,NA,NA,NA,NA,NA,NA,NA,NA,NA,NA,NA,NA,NA,5,5,4,6,4,4,7,5,7,NA,NA,NA,NA,NA,NA,NA,NA,NA,NA,NA,NA,NA,NA,NA,NA,NA,NA,NA,NA,NA,NA,NA,NA,NA,NA,NA,NA,NA,NA,NA,NA,NA,NA,NA,NA,5,3,5,5,2,2,4,5,6,NA,NA,NA,NA,NA,NA,NA,NA,NA,NA,NA,NA,NA,NA,NA,NA,NA,NA,NA,NA,NA,NA,NA,NA,NA,NA,NA,NA,NA,NA,NA,NA,NA,NA,NA,NA,"EASE2183",4,1,1,"6 days"
5,5,5,4,3,4,5,3,5,"39",NA,NA,NA,NA,NA,NA,NA,NA,NA,NA,NA,NA,NA,NA,NA,NA,NA,NA,NA,NA,NA,NA,NA,NA,NA,NA,NA,NA,NA,NA,NA,NA,NA,NA,NA,NA,5,5,5,3,3,3,5,3,4,NA,NA,NA,NA,NA,NA,NA,NA,NA,NA,NA,NA,NA,NA,NA,NA,NA,NA,NA,NA,NA,NA,NA,NA,NA,NA,NA,NA,NA,NA,NA,NA,NA,NA,NA,NA,5,5,5,3,3,3,5,3,4,NA,NA,NA,NA,NA,NA,NA,NA,NA,NA,NA,NA,NA,NA,NA,NA,NA,NA,NA,NA,NA,NA,NA,NA,NA,NA,NA,NA,NA,NA,NA,NA,NA,NA,NA,NA,"EASE2184",4,0,1,"I have tried to see therapists over the last year"
2,4,2,1,1,1,4,2,4,"21",32,32,32,34,32,32,34,32,34,2,4,4,3,4,4,3,3,3,2,4,3,3,3,4,3,2,4,2,4,4,2,1,4,3,4,4,NA,NA,NA,NA,NA,NA,NA,NA,NA,2,4,4,2,1,2,3,4,5,4,4,4,2,2,1,3,4,5,4,4,4,2,2,1,3,4,5,1,1,1,1,1,1,1,1,1,NA,NA,NA,NA,NA,NA,NA,NA,NA,2,4,2,2,2,2,3,2,4,1,1,2,2,2,1,2,2,4,1,2,2,2,2,1,2,2,4,NA,NA,NA,NA,NA,NA,NA,NA,NA,"EASE2186",2,1,1,"I'm currently seeing a mental health provider but prior to seeing this one, I think I saw one two weeks before."
2,1,3,4,1,3,6,7,6,"33",33,31,34,37,33,34,37,37,37,3,1,4,7,3,3,7,7,7,3,2,4,7,3,1,7,7,7,2,1,7,7,5,7,7,7,7,NA,NA,NA,NA,NA,NA,NA,NA,NA,2,1,7,7,3,5,7,7,7,2,2,7,7,5,6,7,7,7,2,2,7,7,6,5,7,7,7,3,3,7,6,5,4,7,7,7,NA,NA,NA,NA,NA,NA,NA,NA,NA,5,2,6,5,5,2,7,7,7,3,2,7,7,3,4,7,7,7,3,2,7,5,5,3,7,7,7,NA,NA,NA,NA,NA,NA,NA,NA,NA,"EASE2188",2,1,1,"one week"
1,2,1,2,1,1,7,2,7,"24",31,31,31,31,31,31,37,31,34,1,1,1,1,1,1,7,1,1,1,1,1,3,1,1,7,1,1,1,1,1,4,1,2,6,4,6,NA,NA,NA,NA,NA,NA,NA,NA,NA,2,2,2,5,2,2,2,2,2,2,2,2,4,2,2,6,5,6,2,2,2,2,2,2,6,2,6,2,2,2,3,2,2,6,5,6,NA,NA,NA,NA,NA,NA,NA,NA,NA,2,2,2,4,2,2,6,4,4,2,2,2,4,6,3,6,4,6,2,2,2,4,2,2,6,2,2,NA,NA,NA,NA,NA,NA,NA,NA,NA,"EASE2189",3,1,0,""
3,5,2,5,4,5,5,1,6,"36",33,35,34,35,34,33,32,34,36,5,5,3,3,3,4,2,5,7,5,4,3,3,3,4,2,3,7,NA,NA,NA,NA,NA,NA,NA,NA,NA,NA,NA,NA,NA,NA,NA,NA,NA,NA,NA,NA,NA,NA,NA,NA,NA,NA,NA,NA,NA,NA,NA,NA,NA,NA,NA,NA,NA,NA,NA,NA,NA,NA,NA,NA,NA,NA,NA,NA,NA,NA,NA,NA,NA,NA,NA,NA,NA,NA,NA,NA,NA,NA,NA,NA,NA,NA,NA,NA,NA,NA,NA,NA,NA,NA,NA,NA,NA,NA,NA,NA,NA,NA,NA,NA,NA,NA,NA,NA,NA,NA,NA,NA,NA,NA,NA,NA,NA,NA,NA,"EASE2190",1,1,1,"Began seeing a therapist at age 14, still currently seeing one"
5,4,3,2,4,4,7,1,5,"35",NA,NA,NA,NA,NA,NA,NA,NA,NA,NA,NA,NA,NA,NA,NA,NA,NA,NA,NA,NA,NA,NA,NA,NA,NA,NA,NA,NA,NA,NA,NA,NA,NA,NA,NA,NA,NA,NA,NA,NA,NA,NA,NA,NA,NA,NA,NA,NA,NA,NA,NA,NA,NA,NA,NA,NA,NA,NA,NA,NA,NA,NA,NA,NA,NA,NA,NA,NA,NA,NA,NA,NA,NA,NA,NA,NA,NA,NA,NA,NA,NA,NA,NA,NA,NA,NA,NA,NA,NA,NA,NA,NA,NA,NA,NA,NA,NA,NA,NA,NA,NA,NA,NA,NA,NA,NA,NA,NA,NA,NA,NA,NA,NA,NA,NA,NA,NA,NA,NA,NA,NA,NA,NA,NA,NA,NA,"EASE2191",4,1,1,"4 years off and on--primary mental health provider has chnaged SO MANY TIMES at the VA--very fruatrating"
3,3,5,6,5,2,5,2,5,"36",33,33,33,33,33,33,35,33,35,4,4,4,4,4,4,4,4,4,5,5,5,5,5,5,6,5,5,3,3,5,5,5,3,6,3,5,NA,NA,NA,NA,NA,NA,NA,NA,NA,5,5,5,5,3,3,7,5,3,2,2,5,2,5,2,7,2,5,2,3,3,3,3,3,3,3,3,NA,NA,NA,NA,NA,NA,NA,NA,NA,NA,NA,NA,NA,NA,NA,NA,NA,NA,NA,NA,NA,NA,NA,NA,NA,NA,NA,NA,NA,NA,NA,NA,NA,NA,NA,NA,NA,NA,NA,NA,NA,NA,NA,NA,NA,NA,NA,NA,NA,NA,NA,NA,NA,NA,"EASE2192",2,1,1,"before the current provider, I saw a few last year"
2,5,3,2,4,5,7,2,5,"35",NA,NA,NA,NA,NA,NA,NA,NA,NA,NA,NA,NA,NA,NA,NA,NA,NA,NA,NA,NA,NA,NA,NA,NA,NA,NA,NA,NA,NA,NA,NA,NA,NA,NA,NA,NA,3,3,3,3,4,3,6,5,6,NA,NA,NA,NA,NA,NA,NA,NA,NA,NA,NA,NA,NA,NA,NA,NA,NA,NA,NA,NA,NA,NA,NA,NA,NA,NA,NA,NA,NA,NA,NA,NA,NA,NA,NA,NA,NA,NA,NA,NA,NA,NA,NA,NA,NA,NA,NA,NA,NA,NA,NA,NA,NA,NA,NA,NA,NA,NA,NA,NA,NA,NA,NA,NA,NA,NA,NA,NA,NA,NA,NA,NA,NA,NA,NA,NA,NA,NA,NA,NA,NA,"EASE2193",4,1,1,"Yesterday"
3,3,3,1,1,2,5,2,1,"21",NA,NA,NA,NA,NA,NA,NA,NA,NA,NA,NA,NA,NA,NA,NA,NA,NA,NA,NA,NA,NA,NA,NA,NA,NA,NA,NA,NA,NA,NA,NA,NA,NA,NA,NA,NA,NA,NA,NA,NA,NA,NA,NA,NA,NA,NA,NA,NA,NA,NA,NA,NA,NA,NA,NA,NA,NA,NA,NA,NA,NA,NA,NA,NA,NA,NA,NA,NA,NA,NA,NA,NA,NA,NA,NA,NA,NA,NA,NA,NA,NA,NA,NA,NA,NA,NA,NA,NA,NA,NA,NA,NA,NA,NA,NA,NA,NA,NA,NA,NA,NA,NA,NA,NA,NA,NA,NA,NA,NA,NA,NA,NA,NA,NA,NA,NA,NA,NA,NA,NA,NA,NA,NA,NA,NA,NA,"EASE2194",2,0,1,"years"
2,3,3,5,3,5,5,5,4,"35",NA,NA,NA,NA,NA,NA,NA,NA,NA,NA,NA,NA,NA,NA,NA,NA,NA,NA,NA,NA,NA,NA,NA,NA,NA,NA,NA,NA,NA,NA,NA,NA,NA,NA,NA,NA,3,5,5,3,3,5,5,3,3,NA,NA,NA,NA,NA,NA,NA,NA,NA,NA,NA,NA,NA,NA,NA,NA,NA,NA,NA,NA,NA,NA,NA,NA,NA,NA,NA,NA,NA,NA,NA,NA,NA,NA,NA,NA,NA,NA,NA,NA,NA,NA,NA,NA,NA,NA,NA,NA,NA,NA,NA,NA,NA,NA,NA,NA,NA,NA,NA,NA,NA,NA,NA,NA,NA,NA,NA,NA,NA,NA,NA,NA,NA,NA,NA,NA,NA,NA,NA,NA,NA,"EASE2195",4,0,0,""
5,5,7,6,2,4,7,6,3,"45",NA,NA,NA,NA,NA,NA,NA,NA,NA,NA,NA,NA,NA,NA,NA,NA,NA,NA,NA,NA,NA,NA,NA,NA,NA,NA,NA,NA,NA,NA,NA,NA,NA,NA,NA,NA,NA,NA,NA,NA,NA,NA,NA,NA,NA,NA,NA,NA,NA,NA,NA,NA,NA,NA,NA,NA,NA,NA,NA,NA,NA,NA,NA,NA,NA,NA,NA,NA,NA,NA,NA,NA,NA,NA,NA,NA,NA,NA,NA,NA,NA,NA,NA,NA,NA,NA,NA,NA,NA,NA,NA,NA,NA,NA,NA,NA,NA,NA,NA,NA,NA,NA,NA,NA,NA,NA,NA,NA,NA,NA,NA,NA,NA,NA,NA,NA,NA,NA,NA,NA,NA,NA,NA,NA,NA,NA,"EASE2199",4,0,1,"4 years ago"
